INSERT INTO roles (name) VALUES ('ROLE_MUNICIPALIDAD'), ('ROLE_VECINO');

INSERT INTO users (username, password) VALUES ('SB002025', '$2a$12$ce.52xZmtZ68bNMVvlLRVutUROoPiz9CO4PcG4hlIiAZlAiqaj5fu');
INSERT INTO users (username, password) VALUES ('SR002025', '$2a$12$A.OonbkmSwuYDpEfYIJwdO/OV45KyL1hLKLeTK64rfoOcqP.jMOHm');
INSERT INTO users (username, password) VALUES ('SQ002025', '$2a$12$pN98lrK610FBx2E5flPftuRQrlfpiRpNRbXKVPnE5KBwB89nWjOFy');
INSERT INTO users (username, password) VALUES ('MR002025', '$2a$12$ZMUjtv46oCfS4hpcXZBO1OUJq6Y9tz87az91ogSMZeQaUP4uEre/S');
INSERT INTO users (username, password) VALUES ('BR002025', '$2a$12$LQVyg0k8eF3mifbPbhrMcuyOiYdpR05ctpN5FN8EsF2117AtkLCdC');
INSERT INTO users (username, password) VALUES ('VS002025', '$2a$12$YNJmcSP356lkITr6hu8XceBAa43u5n4N.WTqm4SYlWiE0E7KaLBGm');
INSERT INTO users (username, password) VALUES ('AT002025', '$2a$12$8h7wPeVlhimXpatfRcoM7uL0BvUQJa2UgVvnirJG1ar5tVz.DrSDS');
INSERT INTO users (username, password) VALUES ('SI002025', '$2a$12$0ixTd///VhhTVxpYR9TInOE35m2CcRL1x1.JNbixEvtn5H8.Jmdfe');
INSERT INTO users (username, password) VALUES ('SM002025', '$2a$12$MXvJS5tK/n38nWno3n5PXucp.YTQlIxLTrq5Gi.6Sho6cmI1AKL7q');
INSERT INTO users (username, password) VALUES ('CH002025', '$2a$12$9nVt.aPVEE0V6VKE0pIkc.mMy.V8n0d8nM8kA7v0o9FSR8xYmB3Ui');
INSERT INTO users (username, password) VALUES ('12345678', '$2a$12$h1q.KeOwaHF6AmL1nE.QzuLHsp2jR7d4xqyxq9wdvm3Z77JCcOzRO');
INSERT INTO users (username, password) VALUES ('12345679', '$2a$12$h1q.KeOwaHF6AmL1nE.QzuLHsp2jR7d4xqyxq9wdvm3Z77JCcOzRO');
INSERT INTO users (username, password) VALUES ('12345670', '$2a$12$h1q.KeOwaHF6AmL1nE.QzuLHsp2jR7d4xqyxq9wdvm3Z77JCcOzRO');
INSERT INTO users (username, password) VALUES ('12345671', '$2a$12$h1q.KeOwaHF6AmL1nE.QzuLHsp2jR7d4xqyxq9wdvm3Z77JCcOzRO');
INSERT INTO users (username, password) VALUES ('12345672', '$2a$12$h1q.KeOwaHF6AmL1nE.QzuLHsp2jR7d4xqyxq9wdvm3Z77JCcOzRO');
INSERT INTO users (username, password) VALUES ('12345673', '$2a$12$h1q.KeOwaHF6AmL1nE.QzuLHsp2jR7d4xqyxq9wdvm3Z77JCcOzRO');
INSERT INTO users (username, password) VALUES ('12345674', '$2a$12$h1q.KeOwaHF6AmL1nE.QzuLHsp2jR7d4xqyxq9wdvm3Z77JCcOzRO');
INSERT INTO users (username, password) VALUES ('12345675', '$2a$12$h1q.KeOwaHF6AmL1nE.QzuLHsp2jR7d4xqyxq9wdvm3Z77JCcOzRO');
INSERT INTO users (username, password) VALUES ('12345676', '$2a$12$h1q.KeOwaHF6AmL1nE.QzuLHsp2jR7d4xqyxq9wdvm3Z77JCcOzRO');
INSERT INTO users (username, password) VALUES ('12345677', '$2a$12$h1q.KeOwaHF6AmL1nE.QzuLHsp2jR7d4xqyxq9wdvm3Z77JCcOzRO');
INSERT INTO users (username, password) VALUES ('12345608', '$2a$12$h1q.KeOwaHF6AmL1nE.QzuLHsp2jR7d4xqyxq9wdvm3Z77JCcOzRO');
INSERT INTO users (username, password) VALUES ('12345618', '$2a$12$h1q.KeOwaHF6AmL1nE.QzuLHsp2jR7d4xqyxq9wdvm3Z77JCcOzRO');
INSERT INTO users (username, password) VALUES ('12345628', '$2a$12$h1q.KeOwaHF6AmL1nE.QzuLHsp2jR7d4xqyxq9wdvm3Z77JCcOzRO');
INSERT INTO users (username, password) VALUES ('12345638', '$2a$12$h1q.KeOwaHF6AmL1nE.QzuLHsp2jR7d4xqyxq9wdvm3Z77JCcOzRO');
INSERT INTO users (username, password) VALUES ('12345648', '$2a$12$h1q.KeOwaHF6AmL1nE.QzuLHsp2jR7d4xqyxq9wdvm3Z77JCcOzRO');
INSERT INTO users (username, password) VALUES ('12345658', '$2a$12$h1q.KeOwaHF6AmL1nE.QzuLHsp2jR7d4xqyxq9wdvm3Z77JCcOzRO');
INSERT INTO users (username, password) VALUES ('12345668', '$2a$12$h1q.KeOwaHF6AmL1nE.QzuLHsp2jR7d4xqyxq9wdvm3Z77JCcOzRO');
INSERT INTO users (username, password) VALUES ('12345688', '$2a$12$h1q.KeOwaHF6AmL1nE.QzuLHsp2jR7d4xqyxq9wdvm3Z77JCcOzRO');
INSERT INTO users (username, password) VALUES ('12345698', '$2a$12$h1q.KeOwaHF6AmL1nE.QzuLHsp2jR7d4xqyxq9wdvm3Z77JCcOzRO');
INSERT INTO users (username, password) VALUES ('12345078', '$2a$12$h1q.KeOwaHF6AmL1nE.QzuLHsp2jR7d4xqyxq9wdvm3Z77JCcOzRO');
INSERT INTO users (username, password) VALUES ('12345178', '$2a$12$h1q.KeOwaHF6AmL1nE.QzuLHsp2jR7d4xqyxq9wdvm3Z77JCcOzRO');
INSERT INTO users (username, password) VALUES ('12345278', '$2a$12$h1q.KeOwaHF6AmL1nE.QzuLHsp2jR7d4xqyxq9wdvm3Z77JCcOzRO');
INSERT INTO users (username, password) VALUES ('12345378', '$2a$12$h1q.KeOwaHF6AmL1nE.QzuLHsp2jR7d4xqyxq9wdvm3Z77JCcOzRO');
INSERT INTO users (username, password) VALUES ('12345478', '$2a$12$h1q.KeOwaHF6AmL1nE.QzuLHsp2jR7d4xqyxq9wdvm3Z77JCcOzRO');
INSERT INTO users (username, password) VALUES ('12345578', '$2a$12$h1q.KeOwaHF6AmL1nE.QzuLHsp2jR7d4xqyxq9wdvm3Z77JCcOzRO');
INSERT INTO users (username, password) VALUES ('12345778', '$2a$12$h1q.KeOwaHF6AmL1nE.QzuLHsp2jR7d4xqyxq9wdvm3Z77JCcOzRO');
INSERT INTO users (username, password) VALUES ('12345878', '$2a$12$h1q.KeOwaHF6AmL1nE.QzuLHsp2jR7d4xqyxq9wdvm3Z77JCcOzRO');
INSERT INTO users (username, password) VALUES ('12345978', '$2a$12$h1q.KeOwaHF6AmL1nE.QzuLHsp2jR7d4xqyxq9wdvm3Z77JCcOzRO');
INSERT INTO users (username, password) VALUES ('12340678', '$2a$12$h1q.KeOwaHF6AmL1nE.QzuLHsp2jR7d4xqyxq9wdvm3Z77JCcOzRO');
INSERT INTO users (username, password) VALUES ('12341678', '$2a$12$h1q.KeOwaHF6AmL1nE.QzuLHsp2jR7d4xqyxq9wdvm3Z77JCcOzRO');
INSERT INTO users (username, password) VALUES ('12342678', '$2a$12$h1q.KeOwaHF6AmL1nE.QzuLHsp2jR7d4xqyxq9wdvm3Z77JCcOzRO');
INSERT INTO users (username, password) VALUES ('12343678', '$2a$12$h1q.KeOwaHF6AmL1nE.QzuLHsp2jR7d4xqyxq9wdvm3Z77JCcOzRO');
INSERT INTO users (username, password) VALUES ('12344678', '$2a$12$h1q.KeOwaHF6AmL1nE.QzuLHsp2jR7d4xqyxq9wdvm3Z77JCcOzRO');
INSERT INTO users (username, password) VALUES ('12346678', '$2a$12$h1q.KeOwaHF6AmL1nE.QzuLHsp2jR7d4xqyxq9wdvm3Z77JCcOzRO');
INSERT INTO users (username, password) VALUES ('12347678', '$2a$12$h1q.KeOwaHF6AmL1nE.QzuLHsp2jR7d4xqyxq9wdvm3Z77JCcOzRO');
INSERT INTO users (username, password) VALUES ('12348678', '$2a$12$h1q.KeOwaHF6AmL1nE.QzuLHsp2jR7d4xqyxq9wdvm3Z77JCcOzRO');
INSERT INTO users (username, password) VALUES ('12349678', '$2a$12$h1q.KeOwaHF6AmL1nE.QzuLHsp2jR7d4xqyxq9wdvm3Z77JCcOzRO');
INSERT INTO users (username, password) VALUES ('12305678', '$2a$12$h1q.KeOwaHF6AmL1nE.QzuLHsp2jR7d4xqyxq9wdvm3Z77JCcOzRO');
INSERT INTO users (username, password) VALUES ('12315678', '$2a$12$h1q.KeOwaHF6AmL1nE.QzuLHsp2jR7d4xqyxq9wdvm3Z77JCcOzRO');
INSERT INTO users (username, password) VALUES ('12325678', '$2a$12$h1q.KeOwaHF6AmL1nE.QzuLHsp2jR7d4xqyxq9wdvm3Z77JCcOzRO');
INSERT INTO users (username, password) VALUES ('12335678', '$2a$12$h1q.KeOwaHF6AmL1nE.QzuLHsp2jR7d4xqyxq9wdvm3Z77JCcOzRO');
INSERT INTO users (username, password) VALUES ('12355678', '$2a$12$h1q.KeOwaHF6AmL1nE.QzuLHsp2jR7d4xqyxq9wdvm3Z77JCcOzRO');
INSERT INTO users (username, password) VALUES ('12365678', '$2a$12$h1q.KeOwaHF6AmL1nE.QzuLHsp2jR7d4xqyxq9wdvm3Z77JCcOzRO');
INSERT INTO users (username, password) VALUES ('12375678', '$2a$12$h1q.KeOwaHF6AmL1nE.QzuLHsp2jR7d4xqyxq9wdvm3Z77JCcOzRO');
INSERT INTO users (username, password) VALUES ('12385678', '$2a$12$h1q.KeOwaHF6AmL1nE.QzuLHsp2jR7d4xqyxq9wdvm3Z77JCcOzRO');
INSERT INTO users (username, password) VALUES ('12395678', '$2a$12$h1q.KeOwaHF6AmL1nE.QzuLHsp2jR7d4xqyxq9wdvm3Z77JCcOzRO');
INSERT INTO users (username, password) VALUES ('12045678', '$2a$12$h1q.KeOwaHF6AmL1nE.QzuLHsp2jR7d4xqyxq9wdvm3Z77JCcOzRO');
INSERT INTO users (username, password) VALUES ('12145678', '$2a$12$h1q.KeOwaHF6AmL1nE.QzuLHsp2jR7d4xqyxq9wdvm3Z77JCcOzRO');
INSERT INTO users (username, password) VALUES ('12245678', '$2a$12$h1q.KeOwaHF6AmL1nE.QzuLHsp2jR7d4xqyxq9wdvm3Z77JCcOzRO');
INSERT INTO users (username, password) VALUES ('12445678', '$2a$12$h1q.KeOwaHF6AmL1nE.QzuLHsp2jR7d4xqyxq9wdvm3Z77JCcOzRO');

INSERT INTO user_roles (role_id, user_id) VALUES (1,1), (1,2), (1,3), (1,4);
INSERT INTO user_roles (role_id, user_id) VALUES (1,5), (1,6), (1,7), (1,8);
INSERT INTO user_roles (role_id, user_id) VALUES (1,9), (1,10), (2,11), (2,12);
INSERT INTO user_roles (role_id, user_id) VALUES (2,13), (2,14), (2,15), (2,16);
INSERT INTO user_roles (role_id, user_id) VALUES (2,17), (2,18), (2,19), (2,20);
INSERT INTO user_roles (role_id, user_id) VALUES (2,21), (2,22), (2,23), (2,24);
INSERT INTO user_roles (role_id, user_id) VALUES (2,25), (2,26), (2,27), (2,28);
INSERT INTO user_roles (role_id, user_id) VALUES (2,29), (2,30), (2,31), (2,32);
INSERT INTO user_roles (role_id, user_id) VALUES (2,33), (2,34), (2,35), (2,36);
INSERT INTO user_roles (role_id, user_id) VALUES (2,37), (2,38), (2,39), (2,40);
INSERT INTO user_roles (role_id, user_id) VALUES (2,41), (2,42), (2,43), (2,44);
INSERT INTO user_roles (role_id, user_id) VALUES (2,45), (2,46), (2,47), (2,48);
INSERT INTO user_roles (role_id, user_id) VALUES (2,49), (2,50), (2,51), (2,52);
INSERT INTO user_roles (role_id, user_id) VALUES (2,53), (2,54), (2,55), (2,56);
INSERT INTO user_roles (role_id, user_id) VALUES (2,57), (2,58), (2,59), (2,60);

INSERT INTO municipalidad (distrito, puntajetotal, puesto, user_id) VALUES ('San Borja', 121, 0, 1);
INSERT INTO municipalidad (distrito, puntajetotal, puesto, user_id) VALUES ('Surco', 119, 0, 2);
INSERT INTO municipalidad (distrito, puntajetotal, puesto, user_id) VALUES ('Surquillo', 97, 0, 3);
INSERT INTO municipalidad (distrito, puntajetotal, puesto, user_id) VALUES ('Miraflores', 110, 0, 4);
INSERT INTO municipalidad (distrito, puntajetotal, puesto, user_id) VALUES ('Barranco', 98, 0, 5);
INSERT INTO municipalidad (distrito, puntajetotal, puesto, user_id) VALUES ('Villa el Salvador', 128, 0, 6);
INSERT INTO municipalidad (distrito, puntajetotal, puesto, user_id) VALUES ('Ate', 99, 0, 7);
INSERT INTO municipalidad (distrito, puntajetotal, puesto, user_id) VALUES ('San Isidro', 112, 0, 8);
INSERT INTO municipalidad (distrito, puntajetotal, puesto, user_id) VALUES ('San Miguel', 105, 0, 9);
INSERT INTO municipalidad (distrito, puntajetotal, puesto, user_id) VALUES ('Chorrillos', 115, 0, 10);

INSERT INTO evento ( id_municipalidad, nombre, descripcion, peso_objetivo, peso_actual, fecha_inicio, fecha_fin, tipo, metodo, bonificacion, situacion) VALUES (1, 'Vidrio Verde Abril', 'Recolecta botellas y envases de vidrio para su reciclaje.', 110.00, 0, '2025-04-01', '2026-04-28', 'Vidrio', 'Camión de reciclaje', 2.1, false);
INSERT INTO evento ( id_municipalidad, nombre, descripcion, peso_objetivo, peso_actual, fecha_inicio, fecha_fin, tipo, metodo, bonificacion, situacion) VALUES (1, 'Orgánicos Mayo', 'Promueve el compostaje de residuos domésticos.', 560.60, 0, '2025-05-01', '2026-05-26', 'Orgánico', 'En casa', 3.0, false);
INSERT INTO evento ( id_municipalidad, nombre, descripcion, peso_objetivo, peso_actual, fecha_inicio, fecha_fin, tipo, metodo, bonificacion, situacion) VALUES (1, 'Plástico Cero Junio', 'Reduce y recicla plásticos con esta campaña distrital.', 610.45, 0, '2025-06-01', '2026-06-27', 'Plástico', 'Camión de reciclaje', 2.9, false);
INSERT INTO evento ( id_municipalidad, nombre, descripcion, peso_objetivo, peso_actual, fecha_inicio, fecha_fin, tipo, metodo, bonificacion, situacion) VALUES (1, 'Metales Julio', 'Recolecta chatarra y latas para fomentar el reciclaje industrial.', 700.25, 0, '2025-07-01', '2026-07-29', 'Metal/Lata', 'Centro de reciclaje de la municipalidad', 3.2, false);
INSERT INTO evento ( id_municipalidad, nombre, descripcion, peso_objetivo, peso_actual, fecha_inicio, fecha_fin, tipo, metodo, bonificacion, situacion) VALUES (1, 'Reciclaje Electrónico Agosto', 'Campaña para recolectar equipos electrónicos en desuso.', 780.50, 0, '2025-08-01', '2026-08-25', 'Electrónicos', 'Centro de reciclaje de la municipalidad', 4.5, false);
INSERT INTO evento ( id_municipalidad, nombre, descripcion, peso_objetivo, peso_actual, fecha_inicio, fecha_fin, tipo, metodo, bonificacion, situacion) VALUES (2, 'Reciclaje Plástico Abril', 'Campaña para recolectar botellas y envases plásticos durante abril.', 420.50, 0, '2025-04-01', '2026-04-30', 'Plástico', 'Camión de reciclaje', 2.5, false);
INSERT INTO evento ( id_municipalidad, nombre, descripcion, peso_objetivo, peso_actual, fecha_inicio, fecha_fin, tipo, metodo, bonificacion, situacion) VALUES (2, 'Papel Limpio Mayo', 'Recolecta hojas, cuadernos y cartones usados para su reciclaje en mayo.', 120.20, 0, '2025-05-05', '2026-05-25', 'Papel', 'Centro de reciclaje de la municipalidad', 1.8, false);
INSERT INTO evento ( id_municipalidad, nombre, descripcion, peso_objetivo, peso_actual, fecha_inicio, fecha_fin, tipo, metodo, bonificacion, situacion) VALUES (2, 'Orgánicos Junio', 'Separación de residuos orgánicos domiciliarios para composta.', 500.00, 0, '2025-06-01', '2026-06-20', 'Orgánico', 'En casa', 3.2, false);
INSERT INTO evento ( id_municipalidad, nombre, descripcion, peso_objetivo, peso_actual, fecha_inicio, fecha_fin, tipo, metodo, bonificacion, situacion) VALUES (2, 'Vidrio Responsable Julio', 'Recolecta botellas de vidrio y frascos en los puntos autorizados.', 270.75, 0, '2026-07-01', '2026-07-31', 'Vidrio', 'Camión de reciclaje', 2.1, false);
INSERT INTO evento ( id_municipalidad, nombre, descripcion, peso_objetivo, peso_actual, fecha_inicio, fecha_fin, tipo, metodo, bonificacion, situacion) VALUES (2, 'Metal Solidario Agosto', 'Iniciativa para reciclar latas y metales ligeros.', 680.90, 0, '2026-08-05', '2026-08-28', 'Metal/Lata', 'Centro de reciclaje de la municipalidad', 1.9, false);
INSERT INTO evento ( id_municipalidad, nombre, descripcion, peso_objetivo, peso_actual, fecha_inicio, fecha_fin, tipo, metodo, bonificacion, situacion) VALUES (3, 'Reciclaje Electrónico Enero', 'Recolecta aparatos electrónicos en desuso como celulares, cables y laptops.', 555.55, 0, '2026-01-10', '2026-01-31', 'Electrónicos', 'Centro de reciclaje de la municipalidad', 3.7, false);
INSERT INTO evento ( id_municipalidad, nombre, descripcion, peso_objetivo, peso_actual, fecha_inicio, fecha_fin, tipo, metodo, bonificacion, situacion) VALUES (3, 'Orgánicos Saludables Febrero', 'Promueve el compostaje de restos de frutas y verduras.', 430.10, 0, '2025-02-01', '2026-02-28', 'Orgánico', 'En casa', 2.6, false);
INSERT INTO evento ( id_municipalidad, nombre, descripcion, peso_objetivo, peso_actual, fecha_inicio, fecha_fin, tipo, metodo, bonificacion, situacion) VALUES (3, 'Campaña Plástico Cero Marzo', 'Reduce el uso de plásticos de un solo uso y participa reciclando.', 610.25, 0, '2026-03-01', '2025-03-31', 'Plástico', 'Camión de reciclaje', 4.0, false);
INSERT INTO evento ( id_municipalidad, nombre, descripcion, peso_objetivo, peso_actual, fecha_inicio, fecha_fin, tipo, metodo, bonificacion, situacion) VALUES (3, 'Metal Futuro Abril', 'Recoge latas y chatarra metálica para fundición responsable.', 360.40, 0, '2026-04-10', '2026-04-30', 'Metal/Lata', 'Centro de reciclaje de la municipalidad', 2.2, false);
INSERT INTO evento ( id_municipalidad, nombre, descripcion, peso_objetivo, peso_actual, fecha_inicio, fecha_fin, tipo, metodo, bonificacion, situacion) VALUES (3, 'Papel Verde Mayo', 'Entrega tus papeles y revistas viejas para su reutilización.', 450.80, 0, '2026-05-01', '2026-05-29', 'Papel', 'Camión de reciclaje', 3.0, false);
INSERT INTO evento ( id_municipalidad, nombre, descripcion, peso_objetivo, peso_actual, fecha_inicio, fecha_fin, tipo, metodo, bonificacion, situacion) VALUES (4, 'Vidrio Limpio Marzo', 'Recolecta botellas y envases de vidrio en los puntos designados.', 298.20, 0, '2025-03-03', '2026-03-25', 'Vidrio', 'Camión de reciclaje', 1.7, false);
INSERT INTO evento ( id_municipalidad, nombre, descripcion, peso_objetivo, peso_actual, fecha_inicio, fecha_fin, tipo, metodo, bonificacion, situacion) VALUES (4, 'Reciclaje Orgánico Abril', 'Campaña para fomentar el compostaje en hogares.', 625.00, 0, '2025-04-01', '2026-04-27', 'Orgánico', 'En casa', 2.9, false);
INSERT INTO evento ( id_municipalidad, nombre, descripcion, peso_objetivo, peso_actual, fecha_inicio, fecha_fin, tipo, metodo, bonificacion, situacion) VALUES (4, 'Reciclaje Papel Mayo', 'Recoge tus papeles y cartones usados para el Día del Medio Ambiente.', 380.40, 0, '2025-05-05', '2026-05-30', 'Papel', 'Centro de reciclaje de la municipalidad', 2.0, false);
INSERT INTO evento ( id_municipalidad, nombre, descripcion, peso_objetivo, peso_actual, fecha_inicio, fecha_fin, tipo, metodo, bonificacion, situacion) VALUES (4, 'Plástico Reutilizable Junio', 'Concientiza sobre el uso de plásticos reciclables y su recolección.', 710.15, 0, '2025-06-01', '2026-06-28', 'Plástico', 'Camión de reciclaje', 3.3, false);
INSERT INTO evento ( id_municipalidad, nombre, descripcion, peso_objetivo, peso_actual, fecha_inicio, fecha_fin, tipo, metodo, bonificacion, situacion) VALUES (4, 'Metales de Valor Julio', 'Recolecta latas y chatarra para contribuir al reciclaje sostenible.', 599.90, 0, '2026-07-02', '2026-07-22', 'Metal/Lata', 'Centro de reciclaje de la municipalidad', 1.5, false);
INSERT INTO evento ( id_municipalidad, nombre, descripcion, peso_objetivo, peso_actual, fecha_inicio, fecha_fin, tipo, metodo, bonificacion, situacion) VALUES (5, 'E-Waste Agosto', 'Campaña para recolectar residuos electrónicos y eléctricos.', 820.20, 0, '2025-08-01', '2026-08-25', 'Electrónicos', 'Centro de reciclaje de la municipalidad', 4.2, false);
INSERT INTO evento ( id_municipalidad, nombre, descripcion, peso_objetivo, peso_actual, fecha_inicio, fecha_fin, tipo, metodo, bonificacion, situacion) VALUES (5, 'Papel Limpio Septiembre', 'Recolecta papeles usados en colegios y oficinas.', 340.70, 0, '2025-09-01', '2026-09-20', 'Papel', 'Camión de reciclaje', 2.4, false);
INSERT INTO evento ( id_municipalidad, nombre, descripcion, peso_objetivo, peso_actual, fecha_inicio, fecha_fin, tipo, metodo, bonificacion, situacion) VALUES (5, 'Plástico Cuidado Octubre', 'Promueve la reducción de botellas y bolsas plásticas.', 720.85, 0, '2025-10-01', '2026-10-25', 'Plástico', 'En casa', 3.6, false);
INSERT INTO evento ( id_municipalidad, nombre, descripcion, peso_objetivo, peso_actual, fecha_inicio, fecha_fin, tipo, metodo, bonificacion, situacion) VALUES (5, 'Orgánico Verde Noviembre', 'Promueve el uso de residuos orgánicos para fertilizantes.', 230.30, 0, '2025-11-01', '2026-11-25', 'Orgánico', 'Camión de reciclaje', 2.8, false);
INSERT INTO evento ( id_municipalidad, nombre, descripcion, peso_objetivo, peso_actual, fecha_inicio, fecha_fin, tipo, metodo, bonificacion, situacion) VALUES (5, 'Vidrio Circular Diciembre', 'Recolecta envases de vidrio para su reintegración industrial.', 515.00, 0, '2025-12-01', '2026-12-28', 'Vidrio', 'Centro de reciclaje de la municipalidad', 3.1, false);
INSERT INTO evento ( id_municipalidad, nombre, descripcion, peso_objetivo, peso_actual, fecha_inicio, fecha_fin, tipo, metodo, bonificacion, situacion) VALUES (6, 'Plástico Responsable Enero', 'Iniciativa para recolectar plásticos domésticos y fomentar su reutilización.', 660.40, 0, '2026-01-05', '2026-01-25', 'Plástico', 'Camión de reciclaje', 2.7, false);
INSERT INTO evento ( id_municipalidad, nombre, descripcion, peso_objetivo, peso_actual, fecha_inicio, fecha_fin, tipo, metodo, bonificacion, situacion) VALUES (6, 'Metal y Lata Febrero', 'Recolecta latas y otros metales reciclables.', 355.55, 0, '2025-02-01', '2026-02-22', 'Metal/Lata', 'Centro de reciclaje de la municipalidad', 2.0, false);
INSERT INTO evento ( id_municipalidad, nombre, descripcion, peso_objetivo, peso_actual, fecha_inicio, fecha_fin, tipo, metodo, bonificacion, situacion) VALUES (6, 'Papel por el Futuro Marzo', 'Entrega papeles y cartones usados para ser reciclados.', 475.75, 0, '2025-03-01', '2026-03-27', 'Papel', 'Camión de reciclaje', 1.9, false);
INSERT INTO evento ( id_municipalidad, nombre, descripcion, peso_objetivo, peso_actual, fecha_inicio, fecha_fin, tipo, metodo, bonificacion, situacion) VALUES (6, 'Residuos Orgánicos Abril', 'Recolecta cáscaras, restos de comida y hojas secas para compostaje.', 590.10, 0, '2025-04-01', '2026-04-26', 'Orgánico', 'En casa', 3.0, false);
INSERT INTO evento ( id_municipalidad, nombre, descripcion, peso_objetivo, peso_actual, fecha_inicio, fecha_fin, tipo, metodo, bonificacion, situacion) VALUES (6, 'Reciclaje Electrónico Mayo', 'Entrega tus aparatos electrónicos en desuso para disposición segura.', 899.99, 0, '2025-05-01', '2026-05-28', 'Electrónicos', 'Centro de reciclaje de la municipalidad', 4.1, false);
INSERT INTO evento ( id_municipalidad, nombre, descripcion, peso_objetivo, peso_actual, fecha_inicio, fecha_fin, tipo, metodo, bonificacion, situacion) VALUES (7, 'Vidrio por el Cambio Junio', 'Promueve el reciclaje de vidrio en la comunidad.', 520.60, 0, '2025-06-01', '2026-06-20', 'Vidrio', 'Camión de reciclaje', 1.8, false);
INSERT INTO evento ( id_municipalidad, nombre, descripcion, peso_objetivo, peso_actual, fecha_inicio, fecha_fin, tipo, metodo, bonificacion, situacion) VALUES (7, 'Orgánico Hogar Julio', 'Fomenta la separación de residuos orgánicos desde casa.', 640.80, 0, '2025-07-01', '2026-07-24', 'Orgánico', 'En casa', 3.5, false);
INSERT INTO evento ( id_municipalidad, nombre, descripcion, peso_objetivo, peso_actual, fecha_inicio, fecha_fin, tipo, metodo, bonificacion, situacion) VALUES (7, 'Metales en Acción Agosto', 'Campaña para recolectar metales reciclables.', 710.00, 0, '2025-08-01', '2026-08-25', 'Metal/Lata', 'Centro de reciclaje de la municipalidad', 2.6, false);
INSERT INTO evento ( id_municipalidad, nombre, descripcion, peso_objetivo, peso_actual, fecha_inicio, fecha_fin, tipo, metodo, bonificacion, situacion) VALUES (7, 'Reciclaje Papel Septiembre', 'Recolecta papel y cartón para reutilización.', 390.90, 0, '2025-09-01', '2026-09-27', 'Papel', 'Camión de reciclaje', 2.2, false);
INSERT INTO evento ( id_municipalidad, nombre, descripcion, peso_objetivo, peso_actual, fecha_inicio, fecha_fin, tipo, metodo, bonificacion, situacion) VALUES (7, 'Plástico Verde Octubre', 'Promueve el reciclaje de botellas plásticas en tu barrio.', 630.40, 0, '2025-10-01', '2026-10-28', 'Plástico', 'Camión de reciclaje', 3.0, false);
INSERT INTO evento ( id_municipalidad, nombre, descripcion, peso_objetivo, peso_actual, fecha_inicio, fecha_fin, tipo, metodo, bonificacion, situacion) VALUES (8, 'Orgánicos Saludables Enero', 'Recolecta residuos orgánicos para compostaje comunitario.', 700.25, 0, '2025-01-01', '2026-01-25', 'Orgánico', 'En casa', 2.9, false);
INSERT INTO evento ( id_municipalidad, nombre, descripcion, peso_objetivo, peso_actual, fecha_inicio, fecha_fin, tipo, metodo, bonificacion, situacion) VALUES (8, 'Plástico Circular Febrero', 'Reduce el plástico de un solo uso y participa en la recolección.', 580.10, 0, '2025-02-05', '2026-02-27', 'Plástico', 'Camión de reciclaje', 2.4, false);
INSERT INTO evento ( id_municipalidad, nombre, descripcion, peso_objetivo, peso_actual, fecha_inicio, fecha_fin, tipo, metodo, bonificacion, situacion) VALUES (8, 'Limpieza de vidrio Marzo', 'Recolecta botellas de vidrio para su reciclaje.', 310.00, 0, '2025-03-01', '2026-03-26', 'Vidrio', 'Centro de reciclaje de la municipalidad', 3.3, false);
INSERT INTO evento ( id_municipalidad, nombre, descripcion, peso_objetivo, peso_actual, fecha_inicio, fecha_fin, tipo, metodo, bonificacion, situacion) VALUES (8, 'Reciclaje Papel Abril', 'Entrega tus papeles viejos en los centros municipales.', 480.50, 0, '2025-04-01', '2026-04-30', 'Papel', 'Camión de reciclaje', 1.6, false);
INSERT INTO evento ( id_municipalidad, nombre, descripcion, peso_objetivo, peso_actual, fecha_inicio, fecha_fin, tipo, metodo, bonificacion, situacion) VALUES (8, 'Metal Responsable Mayo', 'Recolecta metales ligeros y contribuye al medio ambiente.', 720.90, 0, '2025-05-01', '2026-05-28', 'Metal/Lata', 'Centro de reciclaje de la municipalidad', 2.7, false);
INSERT INTO evento ( id_municipalidad, nombre, descripcion, peso_objetivo, peso_actual, fecha_inicio, fecha_fin, tipo, metodo, bonificacion, situacion) VALUES (9, 'E-Waste Junio', 'Entrega tus aparatos electrónicos para evitar contaminación.', 640.80, 0, '2025-06-01', '2026-06-25', 'Electrónicos', 'Centro de reciclaje de la municipalidad', 4.0, false);
INSERT INTO evento ( id_municipalidad, nombre, descripcion, peso_objetivo, peso_actual, fecha_inicio, fecha_fin, tipo, metodo, bonificacion, situacion) VALUES (9, 'Papel Limpio Julio', 'Recolecta cuadernos y papeles usados para su reciclaje.', 430.10, 0, '2025-07-01', '2026-07-27', 'Papel', 'Camión de reciclaje', 1.8, false);
INSERT INTO evento ( id_municipalidad, nombre, descripcion, peso_objetivo, peso_actual, fecha_inicio, fecha_fin, tipo, metodo, bonificacion, situacion) VALUES (9, 'Plástico Cuidado Agosto', 'Promueve la recolección de botellas plásticas y envases PET.', 810.55, 0, '2025-08-01', '2026-08-25', 'Plástico', 'Camión de reciclaje', 2.9, false);
INSERT INTO evento ( id_municipalidad, nombre, descripcion, peso_objetivo, peso_actual, fecha_inicio, fecha_fin, tipo, metodo, bonificacion, situacion) VALUES (9, 'Vidrio Circular Septiembre', 'Recolecta envases de vidrio y apoya la economía circular.', 370.40, 0, '2025-09-01', '2026-09-29', 'Vidrio', 'Centro de reciclaje de la municipalidad', 1.9, false);
INSERT INTO evento ( id_municipalidad, nombre, descripcion, peso_objetivo, peso_actual, fecha_inicio, fecha_fin, tipo, metodo, bonificacion, situacion) VALUES (9, 'Orgánico Verde Octubre', 'Campaña de compostaje para residuos de cocina.', 580.80, 0, '2025-10-01', '2026-10-25', 'Orgánico', 'En casa', 3.5, false);
INSERT INTO evento ( id_municipalidad, nombre, descripcion, peso_objetivo, peso_actual, fecha_inicio, fecha_fin, tipo, metodo, bonificacion, situacion) VALUES (10, 'Metal y Lata Noviembre', 'Recolecta latas y chatarra metálica en los puntos asignados.', 760.90, 0, '2025-11-01', '2026-11-25', 'Metal/Lata', 'Centro de reciclaje de la municipalidad', 2.3, false);
INSERT INTO evento ( id_municipalidad, nombre, descripcion, peso_objetivo, peso_actual, fecha_inicio, fecha_fin, tipo, metodo, bonificacion, situacion) VALUES (10, 'Plástico Responsable Diciembre', 'Recolecta botellas plásticas durante diciembre.', 590.60, 0, '2025-12-01', '2026-12-28', 'Plástico', 'Camión de reciclaje', 3.1, false);
INSERT INTO evento ( id_municipalidad, nombre, descripcion, peso_objetivo, peso_actual, fecha_inicio, fecha_fin, tipo, metodo, bonificacion, situacion) VALUES (10, 'Papel Futuro Enero', 'Entrega papel usado y ayuda a conservar los bosques.', 410.20, 0, '2025-01-10', '2026-01-30', 'Papel', 'Centro de reciclaje de la municipalidad', 1.7, false);
INSERT INTO evento ( id_municipalidad, nombre, descripcion, peso_objetivo, peso_actual, fecha_inicio, fecha_fin, tipo, metodo, bonificacion, situacion) VALUES (10, 'Orgánico Hogar Febrero', 'Separa tus residuos orgánicos para compostaje doméstico.', 500.00, 0, '2025-02-01', '2026-02-24', 'Orgánico', 'En casa', 2.8, false);
INSERT INTO evento ( id_municipalidad, nombre, descripcion, peso_objetivo, peso_actual, fecha_inicio, fecha_fin, tipo, metodo, bonificacion, situacion) VALUES (10, 'E-Waste Marzo', 'Entrega tus aparatos electrónicos viejos para disposición responsable.', 155.75, 0, '2025-03-01', '2026-03-27', 'Electrónicos', 'Centro de reciclaje de la municipalidad', 4.4, false);

INSERT INTO public.vecino (nombre, genero, edad, distrito, puntajetotal, icono, puesto, eliminado, user_id) VALUES ('Paula Muñoz', 'F', 20, 'San Borja', 28, 1, 0, false, 11);
INSERT INTO public.vecino (nombre, genero, edad, distrito, puntajetotal, icono, puesto, eliminado, user_id) VALUES ('Carlos Rivera', 'M', 32, 'San Borja', 26, 2, 0, false, 12);
INSERT INTO public.vecino (nombre, genero, edad, distrito, puntajetotal, icono, puesto, eliminado, user_id) VALUES ('Mariana López', 'F', 25, 'San Borja', 20, 3, 0, false, 13);
INSERT INTO public.vecino (nombre, genero, edad, distrito, puntajetotal, icono, puesto, eliminado, user_id) VALUES ('Javier Rojas', 'M', 41, 'San Borja', 20, 0, 0, false, 14);
INSERT INTO public.vecino (nombre, genero, edad, distrito, puntajetotal, icono, puesto, eliminado, user_id) VALUES ('Lucía Vargas', 'F', 28, 'San Borja', 27, 1, 0, false, 15);
INSERT INTO public.vecino (nombre, genero, edad, distrito, puntajetotal, icono, puesto, eliminado, user_id) VALUES ('Camila Gómez', 'F', 21, 'Surco', 21, 2, 0, false, 16);
INSERT INTO public.vecino (nombre, genero, edad, distrito, puntajetotal, icono, puesto, eliminado, user_id) VALUES ('Andrés Torres', 'M', 24, 'Surco', 16, 3, 0, false, 17);
INSERT INTO public.vecino (nombre, genero, edad, distrito, puntajetotal, icono, puesto, eliminado, user_id) VALUES ('Valeria Ponce', 'F', 35, 'Surco', 28, 0, 0, false, 18);
INSERT INTO public.vecino (nombre, genero, edad, distrito, puntajetotal, icono, puesto, eliminado, user_id) VALUES ('José Ramírez', 'M', 44, 'Surco', 32, 1, 0, false, 19);
INSERT INTO public.vecino (nombre, genero, edad, distrito, puntajetotal, icono, puesto, eliminado, user_id) VALUES ('Daniela León', 'F', 29, 'Surco', 27, 2, 0, false, 20);
INSERT INTO public.vecino (nombre, genero, edad, distrito, puntajetotal, icono, puesto, eliminado, user_id) VALUES ('Andrea Soto', 'F', 22, 'Surquillo', 28, 3, 0, false, 21);
INSERT INTO public.vecino (nombre, genero, edad, distrito, puntajetotal, icono, puesto, eliminado, user_id) VALUES ('Gustavo Méndez', 'M', 31, 'Surquillo', 18, 0, 0, false, 22);
INSERT INTO public.vecino (nombre, genero, edad, distrito, puntajetotal, icono, puesto, eliminado, user_id) VALUES ('Renato Quiroz', 'M', 26, 'Surquillo', 22, 1, 0, false, 23);
INSERT INTO public.vecino (nombre, genero, edad, distrito, puntajetotal, icono, puesto, eliminado, user_id) VALUES ('Florencia Ruiz', 'F', 30, 'Surquillo', 13, 2, 0, false, 24);
INSERT INTO public.vecino (nombre, genero, edad, distrito, puntajetotal, icono, puesto, eliminado, user_id) VALUES ('Miguel Reyes', 'M', 28, 'Surquillo', 16, 3, 0, false, 25);
INSERT INTO public.vecino (nombre, genero, edad, distrito, puntajetotal, icono, puesto, eliminado, user_id) VALUES ('Laura Castillo', 'F', 33, 'Miraflores', 20, 0, 0, false, 26);
INSERT INTO public.vecino (nombre, genero, edad, distrito, puntajetotal, icono, puesto, eliminado, user_id) VALUES ('Rodrigo Peña', 'M', 40, 'Miraflores', 23, 1, 0, false, 27);
INSERT INTO public.vecino (nombre, genero, edad, distrito, puntajetotal, icono, puesto, eliminado, user_id) VALUES ('Natalia Campos', 'F', 23, 'Miraflores', 22, 2, 0, false, 28);
INSERT INTO public.vecino (nombre, genero, edad, distrito, puntajetotal, icono, puesto, eliminado, user_id) VALUES ('Sergio Delgado', 'M', 36, 'Miraflores', 22, 3, 0, false, 29);
INSERT INTO public.vecino (nombre, genero, edad, distrito, puntajetotal, icono, puesto, eliminado, user_id) VALUES ('Gabriela Torres', 'F', 30, 'Miraflores', 23, 0, 0, false, 30);
INSERT INTO public.vecino (nombre, genero, edad, distrito, puntajetotal, icono, puesto, eliminado, user_id) VALUES ('Felipe Castro', 'M', 26, 'Barranco', 17, 1, 0, false, 31);
INSERT INTO public.vecino (nombre, genero, edad, distrito, puntajetotal, icono, puesto, eliminado, user_id) VALUES ('Ana Salazar', 'F', 31, 'Barranco', 24, 2, 0, false, 32);
INSERT INTO public.vecino (nombre, genero, edad, distrito, puntajetotal, icono, puesto, eliminado, user_id) VALUES ('Raúl Medina', 'M', 38, 'Barranco', 22, 3, 0, false, 33);
INSERT INTO public.vecino (nombre, genero, edad, distrito, puntajetotal, icono, puesto, eliminado, user_id) VALUES ('Patricia Flores', 'F', 27, 'Barranco', 18, 0, 0, false, 34);
INSERT INTO public.vecino (nombre, genero, edad, distrito, puntajetotal, icono, puesto, eliminado, user_id) VALUES ('Diego Cárdenas', 'M', 22, 'Barranco', 23, 1, 0, false, 35);
INSERT INTO public.vecino (nombre, genero, edad, distrito, puntajetotal, icono, puesto, eliminado, user_id) VALUES ('Marcos Hidalgo', 'M', 33, 'Villa el Salvador', 30, 2, 0, false, 36);
INSERT INTO public.vecino (nombre, genero, edad, distrito, puntajetotal, icono, puesto, eliminado, user_id) VALUES ('Diana Campos', 'F', 22, 'Villa el Salvador', 33, 3, 0, false, 37);
INSERT INTO public.vecino (nombre, genero, edad, distrito, puntajetotal, icono, puesto, eliminado, user_id) VALUES ('Esteban Cruz', 'M', 40, 'Villa el Salvador', 24, 0, 0, false, 38);
INSERT INTO public.vecino (nombre, genero, edad, distrito, puntajetotal, icono, puesto, eliminado, user_id) VALUES ('Ruth Delgado', 'F', 27, 'Villa el Salvador', 21, 1, 0, false, 39);
INSERT INTO public.vecino (nombre, genero, edad, distrito, puntajetotal, icono, puesto, eliminado, user_id) VALUES ('Pedro Luna', 'M', 36, 'Villa el Salvador', 20, 2, 0, false, 40);
INSERT INTO public.vecino (nombre, genero, edad, distrito, puntajetotal, icono, puesto, eliminado, user_id) VALUES ('Julio Ramos', 'M', 42, 'Ate', 14, 0, 3, false, 41);
INSERT INTO public.vecino (nombre, genero, edad, distrito, puntajetotal, icono, puesto, eliminado, user_id) VALUES ('Elena Díaz', 'F', 34, 'Ate', 17, 0, 0, false, 42);
INSERT INTO public.vecino (nombre, genero, edad, distrito, puntajetotal, icono, puesto, eliminado, user_id) VALUES ('Luis Cabrera', 'M', 50, 'Ate', 22, 0, 1, false, 43);
INSERT INTO public.vecino (nombre, genero, edad, distrito, puntajetotal, icono, puesto, eliminado, user_id) VALUES ('Marta Silva', 'F', 37, 'Ate', 27, 0, 2, false, 44);
INSERT INTO public.vecino (nombre, genero, edad, distrito, puntajetotal, icono, puesto, eliminado, user_id) VALUES ('Cristian Navarro', 'M', 29, 'Ate', 19, 3, 0, false, 45);
INSERT INTO public.vecino (nombre, genero, edad, distrito, puntajetotal, icono, puesto, eliminado, user_id) VALUES ('Daniel Romero', 'M', 45, 'San Isidro', 25, 0, 0, false, 46);
INSERT INTO public.vecino (nombre, genero, edad, distrito, puntajetotal, icono, puesto, eliminado, user_id) VALUES ('Carolina Espinoza', 'F', 39, 'San Isidro', 15, 1, 0, false, 47);
INSERT INTO public.vecino (nombre, genero, edad, distrito, puntajetotal, icono, puesto, eliminado, user_id) VALUES ('Tomás Herrera', 'M', 33, 'San Isidro', 27, 2, 0, false, 48);
INSERT INTO public.vecino (nombre, genero, edad, distrito, puntajetotal, icono, puesto, eliminado, user_id) VALUES ('Isabel Paredes', 'F', 27, 'San Isidro', 21, 3, 0, false, 49);
INSERT INTO public.vecino (nombre, genero, edad, distrito, puntajetotal, icono, puesto, eliminado, user_id) VALUES ('Fernando Aguilar', 'M', 48, 'San Isidro', 24, 0, 0, false, 50);
INSERT INTO public.vecino (nombre, genero, edad, distrito, puntajetotal, icono, puesto, eliminado, user_id) VALUES ('Sofía Morales', 'F', 20, 'San Miguel', 24, 1, 0, false, 51);
INSERT INTO public.vecino (nombre, genero, edad, distrito, puntajetotal, icono, puesto, eliminado, user_id) VALUES ('Martín Carrillo', 'M', 28, 'San Miguel', 32, 2, 0, false, 52);
INSERT INTO public.vecino (nombre, genero, edad, distrito, puntajetotal, icono, puesto, eliminado, user_id) VALUES ('Alberto Vega', 'M', 34, 'San Miguel', 13, 3, 0, false, 53);
INSERT INTO public.vecino (nombre, genero, edad, distrito, puntajetotal, icono, puesto, eliminado, user_id) VALUES ('Roxana Pérez', 'F', 25, 'San Miguel', 13, 0, 0, false, 54);
INSERT INTO public.vecino (nombre, genero, edad, distrito, puntajetotal, icono, puesto, eliminado, user_id) VALUES ('Felipe Navarro', 'M', 37, 'San Miguel', 23, 1, 0, false, 55);
INSERT INTO public.vecino (nombre, genero, edad, distrito, puntajetotal, icono, puesto, eliminado, user_id) VALUES ('Claudia Rivas', 'F', 24, 'Chorrillos', 18, 2, 0, false, 56);
INSERT INTO public.vecino (nombre, genero, edad, distrito, puntajetotal, icono, puesto, eliminado, user_id) VALUES ('Hernán Pacheco', 'M', 35, 'Chorrillos', 27, 3, 0, false, 57);
INSERT INTO public.vecino (nombre, genero, edad, distrito, puntajetotal, icono, puesto, eliminado, user_id) VALUES ('Silvia Márquez', 'F', 29, 'Chorrillos', 26, 0, 0, false, 58);
INSERT INTO public.vecino (nombre, genero, edad, distrito, puntajetotal, icono, puesto, eliminado, user_id) VALUES ('Oscar Lozano', 'M', 43, 'Chorrillos', 26, 1, 0, false, 59);
INSERT INTO public.vecino (nombre, genero, edad, distrito, puntajetotal, icono, puesto, eliminado, user_id) VALUES ('Rosa Alarcón', 'F', 38, 'Chorrillos', 18, 0, 0, false, 60);

INSERT INTO public.reciclaje (id_vecino, peso, tipo, metodo, fecha, puntaje) VALUES (1, 60.07, 'Vidrio', 'Camión de reciclaje', '2025-04-05', 7);
INSERT INTO public.reciclaje (id_vecino, peso, tipo, metodo, fecha, puntaje) VALUES (1, 16.52, 'Plástico', 'Camión de reciclaje', '2025-08-03', 2);
INSERT INTO public.reciclaje (id_vecino, peso, tipo, metodo, fecha, puntaje) VALUES (1, 55.91, 'Metal/Lata', 'Centro de reciclaje de la municipalidad', '2025-04-05', 6);
INSERT INTO public.reciclaje (id_vecino, peso, tipo, metodo, fecha, puntaje) VALUES (1, 50.68, 'Vidrio', 'Camión de reciclaje', '2025-04-05', 6);
INSERT INTO public.reciclaje (id_vecino, peso, tipo, metodo, fecha, puntaje) VALUES (1, 68.70, 'Vidrio', 'Camión de reciclaje', '2025-04-05', 7);
INSERT INTO public.reciclaje (id_vecino, peso, tipo, metodo, fecha, puntaje) VALUES (2, 32.80, 'Electrónicos', 'Centro de reciclaje de la municipalidad', '2025-11-13', 4);
INSERT INTO public.reciclaje (id_vecino, peso, tipo, metodo, fecha, puntaje) VALUES (2, 27.21, 'Metal/Lata', 'Camión de reciclaje', '2025-04-20', 3);
INSERT INTO public.reciclaje (id_vecino, peso, tipo, metodo, fecha, puntaje) VALUES (2, 58.90, 'Papel', 'Centro de reciclaje de la municipalidad', '2025-11-05', 6);
INSERT INTO public.reciclaje (id_vecino, peso, tipo, metodo, fecha, puntaje) VALUES (2, 55.08, 'Plástico', 'En casa', '2025-10-26', 6);
INSERT INTO public.reciclaje (id_vecino, peso, tipo, metodo, fecha, puntaje) VALUES (2, 67.94, 'Papel', 'Centro de reciclaje de la municipalidad', '2025-04-22', 7);
INSERT INTO public.reciclaje (id_vecino, peso, tipo, metodo, fecha, puntaje) VALUES (3, 30.86, 'Metal/Lata', 'Camión de reciclaje', '2025-11-21', 4);
INSERT INTO public.reciclaje (id_vecino, peso, tipo, metodo, fecha, puntaje) VALUES (3, 24.18, 'Electrónicos', 'En casa', '2025-04-28', 3);
INSERT INTO public.reciclaje (id_vecino, peso, tipo, metodo, fecha, puntaje) VALUES (3, 8.36, 'Electrónicos', 'Camión de reciclaje', '2025-04-23', 1);
INSERT INTO public.reciclaje (id_vecino, peso, tipo, metodo, fecha, puntaje) VALUES (3, 73.87, 'Plástico', 'Camión de reciclaje', '2025-11-03', 8);
INSERT INTO public.reciclaje (id_vecino, peso, tipo, metodo, fecha, puntaje) VALUES (3, 31.00, 'Orgánico', 'Centro de reciclaje de la municipalidad', '2025-06-29', 4);
INSERT INTO public.reciclaje (id_vecino, peso, tipo, metodo, fecha, puntaje) VALUES (4, 54.14, 'Plástico', 'Camión de reciclaje', '2025-09-10', 6);
INSERT INTO public.reciclaje (id_vecino, peso, tipo, metodo, fecha, puntaje) VALUES (4, 15.52, 'Papel', 'Centro de reciclaje de la municipalidad', '2025-04-26', 2);
INSERT INTO public.reciclaje (id_vecino, peso, tipo, metodo, fecha, puntaje) VALUES (4, 34.15, 'Orgánico', 'Centro de reciclaje de la municipalidad', '2025-04-16', 4);
INSERT INTO public.reciclaje (id_vecino, peso, tipo, metodo, fecha, puntaje) VALUES (4, 17.41, 'Electrónicos', 'En casa', '2025-06-11', 2);
INSERT INTO public.reciclaje (id_vecino, peso, tipo, metodo, fecha, puntaje) VALUES (4, 57.71, 'Metal/Lata', 'En casa', '2025-02-09', 6);
INSERT INTO public.reciclaje (id_vecino, peso, tipo, metodo, fecha, puntaje) VALUES (5, 56.60, 'Electrónicos', 'En casa', '2025-01-04', 6);
INSERT INTO public.reciclaje (id_vecino, peso, tipo, metodo, fecha, puntaje) VALUES (5, 23.47, 'Plástico', 'Camión de reciclaje', '2025-01-25', 3);
INSERT INTO public.reciclaje (id_vecino, peso, tipo, metodo, fecha, puntaje) VALUES (5, 36.23, 'Electrónicos', 'En casa', '2025-03-18', 4);
INSERT INTO public.reciclaje (id_vecino, peso, tipo, metodo, fecha, puntaje) VALUES (5, 72.99, 'Papel', 'Centro de reciclaje de la municipalidad', '2025-10-29', 8);
INSERT INTO public.reciclaje (id_vecino, peso, tipo, metodo, fecha, puntaje) VALUES (5, 55.35, 'Orgánico', 'Camión de reciclaje', '2025-06-28', 6);
INSERT INTO public.reciclaje (id_vecino, peso, tipo, metodo, fecha, puntaje) VALUES (6, 66.86, 'Plástico', 'En casa', '2025-10-08', 7);
INSERT INTO public.reciclaje (id_vecino, peso, tipo, metodo, fecha, puntaje) VALUES (6, 10.87, 'Orgánico', 'Centro de reciclaje de la municipalidad', '2025-01-05', 2);
INSERT INTO public.reciclaje (id_vecino, peso, tipo, metodo, fecha, puntaje) VALUES (6, 15.14, 'Vidrio', 'Centro de reciclaje de la municipalidad', '2025-01-12', 2);
INSERT INTO public.reciclaje (id_vecino, peso, tipo, metodo, fecha, puntaje) VALUES (6, 17.76, 'Metal/Lata', 'Camión de reciclaje', '2025-08-17', 2);
INSERT INTO public.reciclaje (id_vecino, peso, tipo, metodo, fecha, puntaje) VALUES (6, 74.09, 'Vidrio', 'Camión de reciclaje', '2025-03-05', 8);
INSERT INTO public.reciclaje (id_vecino, peso, tipo, metodo, fecha, puntaje) VALUES (7, 46.71, 'Metal/Lata', 'Camión de reciclaje', '2025-08-03', 5);
INSERT INTO public.reciclaje (id_vecino, peso, tipo, metodo, fecha, puntaje) VALUES (7, 4.40, 'Electrónicos', 'En casa', '2025-09-21', 1);
INSERT INTO public.reciclaje (id_vecino, peso, tipo, metodo, fecha, puntaje) VALUES (7, 2.24, 'Electrónicos', 'Centro de reciclaje de la municipalidad', '2025-04-14', 1);
INSERT INTO public.reciclaje (id_vecino, peso, tipo, metodo, fecha, puntaje) VALUES (7, 23.44, 'Vidrio', 'Camión de reciclaje', '2025-12-21', 3);
INSERT INTO public.reciclaje (id_vecino, peso, tipo, metodo, fecha, puntaje) VALUES (7, 53.18, 'Papel', 'Centro de reciclaje de la municipalidad', '2025-06-28', 6);
INSERT INTO public.reciclaje (id_vecino, peso, tipo, metodo, fecha, puntaje) VALUES (8, 70.20, 'Papel', 'Centro de reciclaje de la municipalidad', '2025-05-16', 8);
INSERT INTO public.reciclaje (id_vecino, peso, tipo, metodo, fecha, puntaje) VALUES (8, 51.25, 'Electrónicos', 'Centro de reciclaje de la municipalidad', '2025-11-22', 6);
INSERT INTO public.reciclaje (id_vecino, peso, tipo, metodo, fecha, puntaje) VALUES (8, 28.23, 'Electrónicos', 'Centro de reciclaje de la municipalidad', '2025-12-29', 3);
INSERT INTO public.reciclaje (id_vecino, peso, tipo, metodo, fecha, puntaje) VALUES (8, 66.20, 'Metal/Lata', 'Centro de reciclaje de la municipalidad', '2025-09-18', 7);
INSERT INTO public.reciclaje (id_vecino, peso, tipo, metodo, fecha, puntaje) VALUES (8, 36.28, 'Plástico', 'Camión de reciclaje', '2025-10-02', 4);
INSERT INTO public.reciclaje (id_vecino, peso, tipo, metodo, fecha, puntaje) VALUES (9, 70.46, 'Vidrio', 'Camión de reciclaje', '2025-06-17', 8);
INSERT INTO public.reciclaje (id_vecino, peso, tipo, metodo, fecha, puntaje) VALUES (9, 71.79, 'Plástico', 'Centro de reciclaje de la municipalidad', '2025-10-24', 8);
INSERT INTO public.reciclaje (id_vecino, peso, tipo, metodo, fecha, puntaje) VALUES (9, 72.17, 'Papel', 'Centro de reciclaje de la municipalidad', '2025-10-16', 8);
INSERT INTO public.reciclaje (id_vecino, peso, tipo, metodo, fecha, puntaje) VALUES (9, 26.98, 'Plástico', 'Centro de reciclaje de la municipalidad', '2025-08-09', 3);
INSERT INTO public.reciclaje (id_vecino, peso, tipo, metodo, fecha, puntaje) VALUES (9, 44.04, 'Vidrio', 'Centro de reciclaje de la municipalidad', '2025-11-23', 5);
INSERT INTO public.reciclaje (id_vecino, peso, tipo, metodo, fecha, puntaje) VALUES (10, 36.64, 'Electrónicos', 'Centro de reciclaje de la municipalidad', '2025-03-07', 4);
INSERT INTO public.reciclaje (id_vecino, peso, tipo, metodo, fecha, puntaje) VALUES (10, 61.25, 'Papel', 'Centro de reciclaje de la municipalidad', '2025-05-10', 7);
INSERT INTO public.reciclaje (id_vecino, peso, tipo, metodo, fecha, puntaje) VALUES (10, 36.78, 'Electrónicos', 'Centro de reciclaje de la municipalidad', '2025-10-16', 4);
INSERT INTO public.reciclaje (id_vecino, peso, tipo, metodo, fecha, puntaje) VALUES (10, 65.44, 'Plástico', 'En casa', '2025-11-09', 7);
INSERT INTO public.reciclaje (id_vecino, peso, tipo, metodo, fecha, puntaje) VALUES (10, 49.60, 'Plástico', 'En casa', '2025-04-14', 5);
INSERT INTO public.reciclaje (id_vecino, peso, tipo, metodo, fecha, puntaje) VALUES (11, 66.31, 'Plástico', 'Centro de reciclaje de la municipalidad', '2025-05-19', 7);
INSERT INTO public.reciclaje (id_vecino, peso, tipo, metodo, fecha, puntaje) VALUES (11, 57.32, 'Orgánico', 'En casa', '2025-01-22', 6);
INSERT INTO public.reciclaje (id_vecino, peso, tipo, metodo, fecha, puntaje) VALUES (11, 19.85, 'Metal/Lata', 'Centro de reciclaje de la municipalidad', '2025-03-12', 2);
INSERT INTO public.reciclaje (id_vecino, peso, tipo, metodo, fecha, puntaje) VALUES (11, 59.74, 'Electrónicos', 'En casa', '2025-11-13', 6);
INSERT INTO public.reciclaje (id_vecino, peso, tipo, metodo, fecha, puntaje) VALUES (11, 64.89, 'Papel', 'Camión de reciclaje', '2025-08-01', 7);
INSERT INTO public.reciclaje (id_vecino, peso, tipo, metodo, fecha, puntaje) VALUES (12, 1.11, 'Papel', 'En casa', '2025-05-20', 1);
INSERT INTO public.reciclaje (id_vecino, peso, tipo, metodo, fecha, puntaje) VALUES (12, 62.66, 'Plástico', 'Centro de reciclaje de la municipalidad', '2025-12-15', 7);
INSERT INTO public.reciclaje (id_vecino, peso, tipo, metodo, fecha, puntaje) VALUES (12, 16.83, 'Metal/Lata', 'Camión de reciclaje', '2025-07-14', 2);
INSERT INTO public.reciclaje (id_vecino, peso, tipo, metodo, fecha, puntaje) VALUES (12, 68.80, 'Orgánico', 'Camión de reciclaje', '2025-12-16', 7);
INSERT INTO public.reciclaje (id_vecino, peso, tipo, metodo, fecha, puntaje) VALUES (12, 8.59, 'Electrónicos', 'Centro de reciclaje de la municipalidad', '2025-09-23', 1);
INSERT INTO public.reciclaje (id_vecino, peso, tipo, metodo, fecha, puntaje) VALUES (13, 61.23, 'Metal/Lata', 'Centro de reciclaje de la municipalidad', '2025-10-28', 7);
INSERT INTO public.reciclaje (id_vecino, peso, tipo, metodo, fecha, puntaje) VALUES (13, 25.24, 'Papel', 'Centro de reciclaje de la municipalidad', '2025-10-12', 3);
INSERT INTO public.reciclaje (id_vecino, peso, tipo, metodo, fecha, puntaje) VALUES (13, 16.71, 'Metal/Lata', 'En casa', '2025-04-15', 2);
INSERT INTO public.reciclaje (id_vecino, peso, tipo, metodo, fecha, puntaje) VALUES (13, 30.01, 'Plástico', 'En casa', '2025-07-24', 4);
INSERT INTO public.reciclaje (id_vecino, peso, tipo, metodo, fecha, puntaje) VALUES (13, 54.07, 'Electrónicos', 'Centro de reciclaje de la municipalidad', '2025-07-23', 6);
INSERT INTO public.reciclaje (id_vecino, peso, tipo, metodo, fecha, puntaje) VALUES (14, 25.36, 'Electrónicos', 'Camión de reciclaje', '2025-12-08', 3);
INSERT INTO public.reciclaje (id_vecino, peso, tipo, metodo, fecha, puntaje) VALUES (14, 19.40, 'Orgánico', 'En casa', '2025-12-18', 2);
INSERT INTO public.reciclaje (id_vecino, peso, tipo, metodo, fecha, puntaje) VALUES (14, 1.87, 'Electrónicos', 'En casa', '2025-08-10', 1);
INSERT INTO public.reciclaje (id_vecino, peso, tipo, metodo, fecha, puntaje) VALUES (14, 38.32, 'Vidrio', 'En casa', '2025-10-07', 4);
INSERT INTO public.reciclaje (id_vecino, peso, tipo, metodo, fecha, puntaje) VALUES (14, 24.31, 'Electrónicos', 'Camión de reciclaje', '2025-12-12', 3);
INSERT INTO public.reciclaje (id_vecino, peso, tipo, metodo, fecha, puntaje) VALUES (15, 25.79, 'Orgánico', 'En casa', '2025-05-31', 3);
INSERT INTO public.reciclaje (id_vecino, peso, tipo, metodo, fecha, puntaje) VALUES (15, 12.20, 'Orgánico', 'Centro de reciclaje de la municipalidad', '2025-08-07', 2);
INSERT INTO public.reciclaje (id_vecino, peso, tipo, metodo, fecha, puntaje) VALUES (15, 3.23, 'Metal/Lata', 'Camión de reciclaje', '2025-06-28', 1);
INSERT INTO public.reciclaje (id_vecino, peso, tipo, metodo, fecha, puntaje) VALUES (15, 45.05, 'Plástico', 'En casa', '2025-10-11', 5);
INSERT INTO public.reciclaje (id_vecino, peso, tipo, metodo, fecha, puntaje) VALUES (15, 45.85, 'Plástico', 'En casa', '2025-03-03', 5);
INSERT INTO public.reciclaje (id_vecino, peso, tipo, metodo, fecha, puntaje) VALUES (16, 63.25, 'Papel', 'Centro de reciclaje de la municipalidad', '2025-11-27', 7);
INSERT INTO public.reciclaje (id_vecino, peso, tipo, metodo, fecha, puntaje) VALUES (16, 2.04, 'Vidrio', 'Centro de reciclaje de la municipalidad', '2025-12-04', 1);
INSERT INTO public.reciclaje (id_vecino, peso, tipo, metodo, fecha, puntaje) VALUES (16, 56.31, 'Electrónicos', 'Centro de reciclaje de la municipalidad', '2025-05-12', 6);
INSERT INTO public.reciclaje (id_vecino, peso, tipo, metodo, fecha, puntaje) VALUES (16, 48.94, 'Electrónicos', 'Camión de reciclaje', '2025-02-22', 5);
INSERT INTO public.reciclaje (id_vecino, peso, tipo, metodo, fecha, puntaje) VALUES (16, 5.35, 'Vidrio', 'Centro de reciclaje de la municipalidad', '2025-03-06', 1);
INSERT INTO public.reciclaje (id_vecino, peso, tipo, metodo, fecha, puntaje) VALUES (17, 51.31, 'Plástico', 'Camión de reciclaje', '2025-08-25', 6);
INSERT INTO public.reciclaje (id_vecino, peso, tipo, metodo, fecha, puntaje) VALUES (17, 65.32, 'Metal/Lata', 'Centro de reciclaje de la municipalidad', '2025-04-15', 7);
INSERT INTO public.reciclaje (id_vecino, peso, tipo, metodo, fecha, puntaje) VALUES (17, 16.06, 'Electrónicos', 'En casa', '2025-02-27', 2);
INSERT INTO public.reciclaje (id_vecino, peso, tipo, metodo, fecha, puntaje) VALUES (17, 3.61, 'Electrónicos', 'En casa', '2025-02-11', 1);
INSERT INTO public.reciclaje (id_vecino, peso, tipo, metodo, fecha, puntaje) VALUES (17, 66.84, 'Papel', 'Centro de reciclaje de la municipalidad', '2025-06-17', 7);
INSERT INTO public.reciclaje (id_vecino, peso, tipo, metodo, fecha, puntaje) VALUES (18, 43.23, 'Metal/Lata', 'En casa', '2025-06-16', 5);
INSERT INTO public.reciclaje (id_vecino, peso, tipo, metodo, fecha, puntaje) VALUES (18, 47.42, 'Metal/Lata', 'Camión de reciclaje', '2025-04-10', 5);
INSERT INTO public.reciclaje (id_vecino, peso, tipo, metodo, fecha, puntaje) VALUES (18, 12.95, 'Vidrio', 'En casa', '2025-08-11', 2);
INSERT INTO public.reciclaje (id_vecino, peso, tipo, metodo, fecha, puntaje) VALUES (18, 43.68, 'Orgánico', 'Camión de reciclaje', '2025-07-23', 5);
INSERT INTO public.reciclaje (id_vecino, peso, tipo, metodo, fecha, puntaje) VALUES (18, 40.98, 'Vidrio', 'Camión de reciclaje', '2025-04-13', 5);
INSERT INTO public.reciclaje (id_vecino, peso, tipo, metodo, fecha, puntaje) VALUES (19, 31.03, 'Metal/Lata', 'Centro de reciclaje de la municipalidad', '2025-12-25', 4);
INSERT INTO public.reciclaje (id_vecino, peso, tipo, metodo, fecha, puntaje) VALUES (19, 8.74, 'Orgánico', 'Centro de reciclaje de la municipalidad', '2025-01-08', 1);
INSERT INTO public.reciclaje (id_vecino, peso, tipo, metodo, fecha, puntaje) VALUES (19, 51.09, 'Electrónicos', 'Camión de reciclaje', '2025-06-15', 6);
INSERT INTO public.reciclaje (id_vecino, peso, tipo, metodo, fecha, puntaje) VALUES (19, 31.51, 'Orgánico', 'En casa', '2025-07-09', 4);
INSERT INTO public.reciclaje (id_vecino, peso, tipo, metodo, fecha, puntaje) VALUES (19, 66.88, 'Metal/Lata', 'En casa', '2025-05-21', 7);
INSERT INTO public.reciclaje (id_vecino, peso, tipo, metodo, fecha, puntaje) VALUES (20, 57.70, 'Papel', 'Centro de reciclaje de la municipalidad', '2025-03-24', 6);
INSERT INTO public.reciclaje (id_vecino, peso, tipo, metodo, fecha, puntaje) VALUES (20, 1.15, 'Plástico', 'Centro de reciclaje de la municipalidad', '2025-08-06', 1);
INSERT INTO public.reciclaje (id_vecino, peso, tipo, metodo, fecha, puntaje) VALUES (20, 74.64, 'Electrónicos', 'En casa', '2025-11-16', 8);
INSERT INTO public.reciclaje (id_vecino, peso, tipo, metodo, fecha, puntaje) VALUES (20, 45.56, 'Plástico', 'En casa', '2025-11-14', 5);
INSERT INTO public.reciclaje (id_vecino, peso, tipo, metodo, fecha, puntaje) VALUES (20, 29.52, 'Vidrio', 'Camión de reciclaje', '2025-04-12', 3);
INSERT INTO public.reciclaje (id_vecino, peso, tipo, metodo, fecha, puntaje) VALUES (21, 9.19, 'Plástico', 'Centro de reciclaje de la municipalidad', '2025-10-02', 1);
INSERT INTO public.reciclaje (id_vecino, peso, tipo, metodo, fecha, puntaje) VALUES (21, 8.82, 'Orgánico', 'Centro de reciclaje de la municipalidad', '2025-05-25', 1);
INSERT INTO public.reciclaje (id_vecino, peso, tipo, metodo, fecha, puntaje) VALUES (21, 30.69, 'Orgánico', 'En casa', '2025-12-11', 4);
INSERT INTO public.reciclaje (id_vecino, peso, tipo, metodo, fecha, puntaje) VALUES (21, 62.08, 'Orgánico', 'Centro de reciclaje de la municipalidad', '2025-05-01', 7);
INSERT INTO public.reciclaje (id_vecino, peso, tipo, metodo, fecha, puntaje) VALUES (21, 37.35, 'Papel', 'En casa', '2025-01-03', 4);
INSERT INTO public.reciclaje (id_vecino, peso, tipo, metodo, fecha, puntaje) VALUES (22, 5.57, 'Electrónicos', 'En casa', '2025-07-28', 1);
INSERT INTO public.reciclaje (id_vecino, peso, tipo, metodo, fecha, puntaje) VALUES (22, 42.63, 'Vidrio', 'Camión de reciclaje', '2025-05-07', 5);
INSERT INTO public.reciclaje (id_vecino, peso, tipo, metodo, fecha, puntaje) VALUES (22, 68.29, 'Orgánico', 'Camión de reciclaje', '2025-11-06', 7);
INSERT INTO public.reciclaje (id_vecino, peso, tipo, metodo, fecha, puntaje) VALUES (22, 60.58, 'Orgánico', 'Camión de reciclaje', '2025-11-16', 7);
INSERT INTO public.reciclaje (id_vecino, peso, tipo, metodo, fecha, puntaje) VALUES (22, 33.26, 'Papel', 'En casa', '2025-11-08', 4);
INSERT INTO public.reciclaje (id_vecino, peso, tipo, metodo, fecha, puntaje) VALUES (23, 14.46, 'Electrónicos', 'En casa', '2025-10-31', 2);
INSERT INTO public.reciclaje (id_vecino, peso, tipo, metodo, fecha, puntaje) VALUES (23, 51.17, 'Papel', 'Camión de reciclaje', '2025-11-21', 6);
INSERT INTO public.reciclaje (id_vecino, peso, tipo, metodo, fecha, puntaje) VALUES (23, 58.90, 'Plástico', 'Centro de reciclaje de la municipalidad', '2025-02-28', 6);
INSERT INTO public.reciclaje (id_vecino, peso, tipo, metodo, fecha, puntaje) VALUES (23, 50.82, 'Papel', 'Centro de reciclaje de la municipalidad', '2025-01-30', 6);
INSERT INTO public.reciclaje (id_vecino, peso, tipo, metodo, fecha, puntaje) VALUES (23, 19.66, 'Metal/Lata', 'Camión de reciclaje', '2025-02-23', 2);
INSERT INTO public.reciclaje (id_vecino, peso, tipo, metodo, fecha, puntaje) VALUES (24, 17.67, 'Electrónicos', 'Camión de reciclaje', '2025-08-19', 2);
INSERT INTO public.reciclaje (id_vecino, peso, tipo, metodo, fecha, puntaje) VALUES (24, 59.04, 'Orgánico', 'Camión de reciclaje', '2025-11-11', 6);
INSERT INTO public.reciclaje (id_vecino, peso, tipo, metodo, fecha, puntaje) VALUES (24, 51.91, 'Orgánico', 'Camión de reciclaje', '2025-11-08', 6);
INSERT INTO public.reciclaje (id_vecino, peso, tipo, metodo, fecha, puntaje) VALUES (24, 1.15, 'Plástico', 'Camión de reciclaje', '2025-04-28', 1);
INSERT INTO public.reciclaje (id_vecino, peso, tipo, metodo, fecha, puntaje) VALUES (24, 20.27, 'Plástico', 'Camión de reciclaje', '2025-10-20', 3);
INSERT INTO public.reciclaje (id_vecino, peso, tipo, metodo, fecha, puntaje) VALUES (25, 25.48, 'Metal/Lata', 'Centro de reciclaje de la municipalidad', '2025-05-30', 3);
INSERT INTO public.reciclaje (id_vecino, peso, tipo, metodo, fecha, puntaje) VALUES (25, 31.75, 'Orgánico', 'En casa', '2025-03-01', 4);
INSERT INTO public.reciclaje (id_vecino, peso, tipo, metodo, fecha, puntaje) VALUES (25, 49.83, 'Vidrio', 'Centro de reciclaje de la municipalidad', '2025-09-13', 5);
INSERT INTO public.reciclaje (id_vecino, peso, tipo, metodo, fecha, puntaje) VALUES (25, 40.97, 'Papel', 'En casa', '2025-01-22', 5);
INSERT INTO public.reciclaje (id_vecino, peso, tipo, metodo, fecha, puntaje) VALUES (25, 56.25, 'Papel', 'Centro de reciclaje de la municipalidad', '2025-02-10', 6);
INSERT INTO public.reciclaje (id_vecino, peso, tipo, metodo, fecha, puntaje) VALUES (26, 43.11, 'Plástico', 'Camión de reciclaje', '2025-09-04', 5);
INSERT INTO public.reciclaje (id_vecino, peso, tipo, metodo, fecha, puntaje) VALUES (26, 23.80, 'Plástico', 'En casa', '2025-05-27', 3);
INSERT INTO public.reciclaje (id_vecino, peso, tipo, metodo, fecha, puntaje) VALUES (26, 62.18, 'Metal/Lata', 'En casa', '2025-07-30', 7);
INSERT INTO public.reciclaje (id_vecino, peso, tipo, metodo, fecha, puntaje) VALUES (26, 61.84, 'Plástico', 'En casa', '2025-04-21', 7);
INSERT INTO public.reciclaje (id_vecino, peso, tipo, metodo, fecha, puntaje) VALUES (26, 73.25, 'Metal/Lata', 'Centro de reciclaje de la municipalidad', '2025-04-12', 8);
INSERT INTO public.reciclaje (id_vecino, peso, tipo, metodo, fecha, puntaje) VALUES (27, 68.91, 'Vidrio', 'En casa', '2025-06-30', 7);
INSERT INTO public.reciclaje (id_vecino, peso, tipo, metodo, fecha, puntaje) VALUES (27, 29.97, 'Vidrio', 'En casa', '2025-09-27', 3);
INSERT INTO public.reciclaje (id_vecino, peso, tipo, metodo, fecha, puntaje) VALUES (27, 70.07, 'Electrónicos', 'En casa', '2025-11-24', 8);
INSERT INTO public.reciclaje (id_vecino, peso, tipo, metodo, fecha, puntaje) VALUES (27, 61.58, 'Vidrio', 'Centro de reciclaje de la municipalidad', '2025-10-15', 7);
INSERT INTO public.reciclaje (id_vecino, peso, tipo, metodo, fecha, puntaje) VALUES (27, 72.85, 'Plástico', 'Camión de reciclaje', '2025-06-25', 8);
INSERT INTO public.reciclaje (id_vecino, peso, tipo, metodo, fecha, puntaje) VALUES (28, 56.46, 'Metal/Lata', 'En casa', '2025-03-19', 6);
INSERT INTO public.reciclaje (id_vecino, peso, tipo, metodo, fecha, puntaje) VALUES (28, 4.60, 'Metal/Lata', 'Centro de reciclaje de la municipalidad', '2025-07-07', 1);
INSERT INTO public.reciclaje (id_vecino, peso, tipo, metodo, fecha, puntaje) VALUES (28, 51.19, 'Papel', 'Centro de reciclaje de la municipalidad', '2025-06-26', 6);
INSERT INTO public.reciclaje (id_vecino, peso, tipo, metodo, fecha, puntaje) VALUES (28, 62.86, 'Metal/Lata', 'Centro de reciclaje de la municipalidad', '2025-09-10', 7);
INSERT INTO public.reciclaje (id_vecino, peso, tipo, metodo, fecha, puntaje) VALUES (28, 39.38, 'Papel', 'Centro de reciclaje de la municipalidad', '2025-04-21', 4);
INSERT INTO public.reciclaje (id_vecino, peso, tipo, metodo, fecha, puntaje) VALUES (29, 56.65, 'Metal/Lata', 'En casa', '2025-06-12', 6);
INSERT INTO public.reciclaje (id_vecino, peso, tipo, metodo, fecha, puntaje) VALUES (29, 34.82, 'Metal/Lata', 'En casa', '2025-07-01', 4);
INSERT INTO public.reciclaje (id_vecino, peso, tipo, metodo, fecha, puntaje) VALUES (29, 20.23, 'Vidrio', 'Camión de reciclaje', '2025-03-15', 3);
INSERT INTO public.reciclaje (id_vecino, peso, tipo, metodo, fecha, puntaje) VALUES (29, 66.42, 'Metal/Lata', 'Centro de reciclaje de la municipalidad', '2025-03-27', 7);
INSERT INTO public.reciclaje (id_vecino, peso, tipo, metodo, fecha, puntaje) VALUES (29, 9.38, 'Metal/Lata', 'En casa', '2025-09-11', 1);
INSERT INTO public.reciclaje (id_vecino, peso, tipo, metodo, fecha, puntaje) VALUES (30, 50.43, 'Plástico', 'Camión de reciclaje', '2025-07-05', 6);
INSERT INTO public.reciclaje (id_vecino, peso, tipo, metodo, fecha, puntaje) VALUES (30, 38.83, 'Vidrio', 'Centro de reciclaje de la municipalidad', '2025-04-24', 4);
INSERT INTO public.reciclaje (id_vecino, peso, tipo, metodo, fecha, puntaje) VALUES (30, 40.97, 'Plástico', 'Camión de reciclaje', '2025-12-25', 5);
INSERT INTO public.reciclaje (id_vecino, peso, tipo, metodo, fecha, puntaje) VALUES (30, 19.09, 'Papel', 'Centro de reciclaje de la municipalidad', '2025-02-26', 2);
INSERT INTO public.reciclaje (id_vecino, peso, tipo, metodo, fecha, puntaje) VALUES (30, 24.10, 'Papel', 'En casa', '2025-09-20', 3);
INSERT INTO public.reciclaje (id_vecino, peso, tipo, metodo, fecha, puntaje) VALUES (31, 20.56, 'Metal/Lata', 'En casa', '2025-06-12', 3);
INSERT INTO public.reciclaje (id_vecino, peso, tipo, metodo, fecha, puntaje) VALUES (31, 2.64, 'Orgánico', 'En casa', '2025-10-25', 1);
INSERT INTO public.reciclaje (id_vecino, peso, tipo, metodo, fecha, puntaje) VALUES (31, 1.15, 'Papel', 'En casa', '2025-08-24', 1);
INSERT INTO public.reciclaje (id_vecino, peso, tipo, metodo, fecha, puntaje) VALUES (31, 68.11, 'Electrónicos', 'Centro de reciclaje de la municipalidad', '2025-07-16', 7);
INSERT INTO public.reciclaje (id_vecino, peso, tipo, metodo, fecha, puntaje) VALUES (31, 12.58, 'Plástico', 'Camión de reciclaje', '2025-08-19', 2);
INSERT INTO public.reciclaje (id_vecino, peso, tipo, metodo, fecha, puntaje) VALUES (32, 52.94, 'Electrónicos', 'En casa', '2025-08-10', 6);
INSERT INTO public.reciclaje (id_vecino, peso, tipo, metodo, fecha, puntaje) VALUES (32, 31.45, 'Vidrio', 'En casa', '2025-03-22', 4);
INSERT INTO public.reciclaje (id_vecino, peso, tipo, metodo, fecha, puntaje) VALUES (32, 13.80, 'Electrónicos', 'Centro de reciclaje de la municipalidad', '2025-02-26', 2);
INSERT INTO public.reciclaje (id_vecino, peso, tipo, metodo, fecha, puntaje) VALUES (32, 35.75, 'Papel', 'Camión de reciclaje', '2025-08-08', 4);
INSERT INTO public.reciclaje (id_vecino, peso, tipo, metodo, fecha, puntaje) VALUES (32, 4.05, 'Metal/Lata', 'Centro de reciclaje de la municipalidad', '2025-11-06', 1);
INSERT INTO public.reciclaje (id_vecino, peso, tipo, metodo, fecha, puntaje) VALUES (33, 68.38, 'Orgánico', 'Centro de reciclaje de la municipalidad', '2025-12-26', 7);
INSERT INTO public.reciclaje (id_vecino, peso, tipo, metodo, fecha, puntaje) VALUES (33, 57.69, 'Papel', 'En casa', '2025-09-21', 6);
INSERT INTO public.reciclaje (id_vecino, peso, tipo, metodo, fecha, puntaje) VALUES (33, 44.34, 'Vidrio', 'En casa', '2025-11-04', 5);
INSERT INTO public.reciclaje (id_vecino, peso, tipo, metodo, fecha, puntaje) VALUES (33, 19.47, 'Orgánico', 'Centro de reciclaje de la municipalidad', '2025-03-12', 2);
INSERT INTO public.reciclaje (id_vecino, peso, tipo, metodo, fecha, puntaje) VALUES (33, 19.76, 'Vidrio', 'En casa', '2025-05-04', 2);
INSERT INTO public.reciclaje (id_vecino, peso, tipo, metodo, fecha, puntaje) VALUES (34, 60.28, 'Vidrio', 'En casa', '2025-02-25', 7);
INSERT INTO public.reciclaje (id_vecino, peso, tipo, metodo, fecha, puntaje) VALUES (34, 52.98, 'Papel', 'Centro de reciclaje de la municipalidad', '2025-03-14', 6);
INSERT INTO public.reciclaje (id_vecino, peso, tipo, metodo, fecha, puntaje) VALUES (34, 24.58, 'Vidrio', 'Camión de reciclaje', '2025-06-14', 3);
INSERT INTO public.reciclaje (id_vecino, peso, tipo, metodo, fecha, puntaje) VALUES (34, 22.86, 'Vidrio', 'Centro de reciclaje de la municipalidad', '2025-08-08', 3);
INSERT INTO public.reciclaje (id_vecino, peso, tipo, metodo, fecha, puntaje) VALUES (34, 73.13, 'Vidrio', 'Centro de reciclaje de la municipalidad', '2025-11-14', 8);
INSERT INTO public.reciclaje (id_vecino, peso, tipo, metodo, fecha, puntaje) VALUES (35, 18.63, 'Papel', 'En casa', '2025-03-17', 2);
INSERT INTO public.reciclaje (id_vecino, peso, tipo, metodo, fecha, puntaje) VALUES (35, 15.01, 'Papel', 'Centro de reciclaje de la municipalidad', '2025-11-25', 2);
INSERT INTO public.reciclaje (id_vecino, peso, tipo, metodo, fecha, puntaje) VALUES (35, 39.05, 'Papel', 'Centro de reciclaje de la municipalidad', '2025-07-10', 4);
INSERT INTO public.reciclaje (id_vecino, peso, tipo, metodo, fecha, puntaje) VALUES (35, 32.41, 'Papel', 'En casa', '2025-04-28', 4);
INSERT INTO public.reciclaje (id_vecino, peso, tipo, metodo, fecha, puntaje) VALUES (35, 67.27, 'Metal/Lata', 'Camión de reciclaje', '2025-02-14', 7);
INSERT INTO public.reciclaje (id_vecino, peso, tipo, metodo, fecha, puntaje) VALUES (36, 61.90, 'Vidrio', 'Centro de reciclaje de la municipalidad', '2025-05-08', 7);
INSERT INTO public.reciclaje (id_vecino, peso, tipo, metodo, fecha, puntaje) VALUES (36, 16.91, 'Papel', 'Camión de reciclaje', '2025-12-29', 2);
INSERT INTO public.reciclaje (id_vecino, peso, tipo, metodo, fecha, puntaje) VALUES (36, 14.87, 'Vidrio', 'Camión de reciclaje', '2025-10-25', 2);
INSERT INTO public.reciclaje (id_vecino, peso, tipo, metodo, fecha, puntaje) VALUES (36, 69.66, 'Metal/Lata', 'Camión de reciclaje', '2025-11-21', 7);
INSERT INTO public.reciclaje (id_vecino, peso, tipo, metodo, fecha, puntaje) VALUES (36, 66.32, 'Metal/Lata', 'Centro de reciclaje de la municipalidad', '2025-02-25', 7);
INSERT INTO public.reciclaje (id_vecino, peso, tipo, metodo, fecha, puntaje) VALUES (37, 4.41, 'Orgánico', 'En casa', '2025-06-08', 1);
INSERT INTO public.reciclaje (id_vecino, peso, tipo, metodo, fecha, puntaje) VALUES (37, 26.83, 'Orgánico', 'Camión de reciclaje', '2025-03-03', 3);
INSERT INTO public.reciclaje (id_vecino, peso, tipo, metodo, fecha, puntaje) VALUES (37, 57.59, 'Papel', 'En casa', '2025-04-08', 6);
INSERT INTO public.reciclaje (id_vecino, peso, tipo, metodo, fecha, puntaje) VALUES (37, 5.66, 'Papel', 'Camión de reciclaje', '2025-05-23', 1);
INSERT INTO public.reciclaje (id_vecino, peso, tipo, metodo, fecha, puntaje) VALUES (37, 30.91, 'Metal/Lata', 'Centro de reciclaje de la municipalidad', '2025-11-05', 4);
INSERT INTO public.reciclaje (id_vecino, peso, tipo, metodo, fecha, puntaje) VALUES (38, 52.19, 'Orgánico', 'En casa', '2025-03-12', 6);
INSERT INTO public.reciclaje (id_vecino, peso, tipo, metodo, fecha, puntaje) VALUES (38, 35.00, 'Plástico', 'Centro de reciclaje de la municipalidad', '2025-01-11', 4);
INSERT INTO public.reciclaje (id_vecino, peso, tipo, metodo, fecha, puntaje) VALUES (38, 34.45, 'Orgánico', 'En casa', '2025-01-16', 4);
INSERT INTO public.reciclaje (id_vecino, peso, tipo, metodo, fecha, puntaje) VALUES (38, 61.99, 'Electrónicos', 'Camión de reciclaje', '2025-09-29', 7);
INSERT INTO public.reciclaje (id_vecino, peso, tipo, metodo, fecha, puntaje) VALUES (38, 52.51, 'Papel', 'Centro de reciclaje de la municipalidad', '2025-01-26', 6);
INSERT INTO public.reciclaje (id_vecino, peso, tipo, metodo, fecha, puntaje) VALUES (39, 73.59, 'Plástico', 'Camión de reciclaje', '2025-07-26', 8);
INSERT INTO public.reciclaje (id_vecino, peso, tipo, metodo, fecha, puntaje) VALUES (39, 2.69, 'Metal/Lata', 'En casa', '2025-05-09', 1);
INSERT INTO public.reciclaje (id_vecino, peso, tipo, metodo, fecha, puntaje) VALUES (39, 29.79, 'Electrónicos', 'Camión de reciclaje', '2025-10-04', 3);
INSERT INTO public.reciclaje (id_vecino, peso, tipo, metodo, fecha, puntaje) VALUES (39, 53.66, 'Metal/Lata', 'Centro de reciclaje de la municipalidad', '2025-08-17', 6);
INSERT INTO public.reciclaje (id_vecino, peso, tipo, metodo, fecha, puntaje) VALUES (39, 28.38, 'Electrónicos', 'En casa', '2025-07-05', 3);
INSERT INTO public.reciclaje (id_vecino, peso, tipo, metodo, fecha, puntaje) VALUES (40, 63.16, 'Electrónicos', 'En casa', '2025-05-28', 7);
INSERT INTO public.reciclaje (id_vecino, peso, tipo, metodo, fecha, puntaje) VALUES (40, 62.37, 'Electrónicos', 'En casa', '2025-02-11', 7);
INSERT INTO public.reciclaje (id_vecino, peso, tipo, metodo, fecha, puntaje) VALUES (40, 28.77, 'Orgánico', 'En casa', '2025-04-07', 3);
INSERT INTO public.reciclaje (id_vecino, peso, tipo, metodo, fecha, puntaje) VALUES (40, 52.57, 'Electrónicos', 'Centro de reciclaje de la municipalidad', '2025-10-12', 6);
INSERT INTO public.reciclaje (id_vecino, peso, tipo, metodo, fecha, puntaje) VALUES (40, 8.74, 'Metal/Lata', 'Centro de reciclaje de la municipalidad', '2025-03-28', 1);
INSERT INTO public.reciclaje (id_vecino, peso, tipo, metodo, fecha, puntaje) VALUES (41, 49.46, 'Electrónicos', 'Centro de reciclaje de la municipalidad', '2025-05-07', 5);
INSERT INTO public.reciclaje (id_vecino, peso, tipo, metodo, fecha, puntaje) VALUES (41, 28.70, 'Electrónicos', 'Camión de reciclaje', '2025-07-12', 3);
INSERT INTO public.reciclaje (id_vecino, peso, tipo, metodo, fecha, puntaje) VALUES (41, 35.02, 'Papel', 'En casa', '2025-05-13', 4);
INSERT INTO public.reciclaje (id_vecino, peso, tipo, metodo, fecha, puntaje) VALUES (41, 58.67, 'Electrónicos', 'En casa', '2025-04-17', 6);
INSERT INTO public.reciclaje (id_vecino, peso, tipo, metodo, fecha, puntaje) VALUES (41, 57.00, 'Vidrio', 'Camión de reciclaje', '2025-04-27', 6);
INSERT INTO public.reciclaje (id_vecino, peso, tipo, metodo, fecha, puntaje) VALUES (42, 72.30, 'Metal/Lata', 'En casa', '2025-08-17', 8);
INSERT INTO public.reciclaje (id_vecino, peso, tipo, metodo, fecha, puntaje) VALUES (42, 61.25, 'Metal/Lata', 'Camión de reciclaje', '2025-10-26', 7);
INSERT INTO public.reciclaje (id_vecino, peso, tipo, metodo, fecha, puntaje) VALUES (42, 71.12, 'Papel', 'Centro de reciclaje de la municipalidad', '2025-10-06', 8);
INSERT INTO public.reciclaje (id_vecino, peso, tipo, metodo, fecha, puntaje) VALUES (42, 8.76, 'Orgánico', 'En casa', '2025-12-29', 1);
INSERT INTO public.reciclaje (id_vecino, peso, tipo, metodo, fecha, puntaje) VALUES (42, 72.34, 'Papel', 'Centro de reciclaje de la municipalidad', '2025-08-09', 8);
INSERT INTO public.reciclaje (id_vecino, peso, tipo, metodo, fecha, puntaje) VALUES (43, 18.37, 'Plástico', 'En casa', '2025-06-16', 2);
INSERT INTO public.reciclaje (id_vecino, peso, tipo, metodo, fecha, puntaje) VALUES (43, 1.51, 'Orgánico', 'Camión de reciclaje', '2025-09-16', 1);
INSERT INTO public.reciclaje (id_vecino, peso, tipo, metodo, fecha, puntaje) VALUES (43, 30.47, 'Orgánico', 'Centro de reciclaje de la municipalidad', '2025-09-19', 4);
INSERT INTO public.reciclaje (id_vecino, peso, tipo, metodo, fecha, puntaje) VALUES (43, 27.31, 'Vidrio', 'Camión de reciclaje', '2025-03-25', 3);
INSERT INTO public.reciclaje (id_vecino, peso, tipo, metodo, fecha, puntaje) VALUES (43, 28.64, 'Orgánico', 'Camión de reciclaje', '2025-12-19', 3);
INSERT INTO public.reciclaje (id_vecino, peso, tipo, metodo, fecha, puntaje) VALUES (44, 41.66, 'Vidrio', 'Centro de reciclaje de la municipalidad', '2025-02-20', 5);
INSERT INTO public.reciclaje (id_vecino, peso, tipo, metodo, fecha, puntaje) VALUES (44, 5.18, 'Papel', 'En casa', '2025-03-17', 1);
INSERT INTO public.reciclaje (id_vecino, peso, tipo, metodo, fecha, puntaje) VALUES (44, 31.25, 'Vidrio', 'Camión de reciclaje', '2025-04-19', 4);
INSERT INTO public.reciclaje (id_vecino, peso, tipo, metodo, fecha, puntaje) VALUES (44, 11.86, 'Metal/Lata', 'Camión de reciclaje', '2025-01-20', 2);
INSERT INTO public.reciclaje (id_vecino, peso, tipo, metodo, fecha, puntaje) VALUES (44, 3.58, 'Electrónicos', 'Camión de reciclaje', '2025-01-05', 1);
INSERT INTO public.reciclaje (id_vecino, peso, tipo, metodo, fecha, puntaje) VALUES (45, 29.96, 'Vidrio', 'Centro de reciclaje de la municipalidad', '2025-11-11', 3);
INSERT INTO public.reciclaje (id_vecino, peso, tipo, metodo, fecha, puntaje) VALUES (45, 69.87, 'Vidrio', 'Centro de reciclaje de la municipalidad', '2025-08-24', 7);
INSERT INTO public.reciclaje (id_vecino, peso, tipo, metodo, fecha, puntaje) VALUES (45, 38.66, 'Plástico', 'Centro de reciclaje de la municipalidad', '2025-07-27', 4);
INSERT INTO public.reciclaje (id_vecino, peso, tipo, metodo, fecha, puntaje) VALUES (45, 60.87, 'Papel', 'Centro de reciclaje de la municipalidad', '2025-10-19', 7);
INSERT INTO public.reciclaje (id_vecino, peso, tipo, metodo, fecha, puntaje) VALUES (45, 18.92, 'Papel', 'Centro de reciclaje de la municipalidad', '2025-08-07', 2);
INSERT INTO public.reciclaje (id_vecino, peso, tipo, metodo, fecha, puntaje) VALUES (46, 10.49, 'Vidrio', 'En casa', '2025-09-19', 2);
INSERT INTO public.reciclaje (id_vecino, peso, tipo, metodo, fecha, puntaje) VALUES (46, 46.70, 'Orgánico', 'Camión de reciclaje', '2025-05-11', 5);
INSERT INTO public.reciclaje (id_vecino, peso, tipo, metodo, fecha, puntaje) VALUES (46, 19.65, 'Vidrio', 'Centro de reciclaje de la municipalidad', '2025-08-03', 2);
INSERT INTO public.reciclaje (id_vecino, peso, tipo, metodo, fecha, puntaje) VALUES (46, 11.07, 'Metal/Lata', 'Camión de reciclaje', '2025-02-06', 2);
INSERT INTO public.reciclaje (id_vecino, peso, tipo, metodo, fecha, puntaje) VALUES (46, 64.75, 'Vidrio', 'En casa', '2025-07-19', 7);
INSERT INTO public.reciclaje (id_vecino, peso, tipo, metodo, fecha, puntaje) VALUES (47, 72.03, 'Vidrio', 'Centro de reciclaje de la municipalidad', '2025-04-10', 8);
INSERT INTO public.reciclaje (id_vecino, peso, tipo, metodo, fecha, puntaje) VALUES (47, 15.34, 'Orgánico', 'En casa', '2025-09-15', 2);
INSERT INTO public.reciclaje (id_vecino, peso, tipo, metodo, fecha, puntaje) VALUES (47, 66.79, 'Electrónicos', 'Centro de reciclaje de la municipalidad', '2025-03-22', 7);
INSERT INTO public.reciclaje (id_vecino, peso, tipo, metodo, fecha, puntaje) VALUES (47, 32.31, 'Plástico', 'Camión de reciclaje', '2025-05-27', 4);
INSERT INTO public.reciclaje (id_vecino, peso, tipo, metodo, fecha, puntaje) VALUES (47, 58.60, 'Plástico', 'Camión de reciclaje', '2025-06-29', 6);
INSERT INTO public.reciclaje (id_vecino, peso, tipo, metodo, fecha, puntaje) VALUES (48, 59.56, 'Metal/Lata', 'Camión de reciclaje', '2025-07-02', 6);
INSERT INTO public.reciclaje (id_vecino, peso, tipo, metodo, fecha, puntaje) VALUES (48, 5.19, 'Orgánico', 'Centro de reciclaje de la municipalidad', '2025-03-09', 1);
INSERT INTO public.reciclaje (id_vecino, peso, tipo, metodo, fecha, puntaje) VALUES (48, 70.07, 'Electrónicos', 'Centro de reciclaje de la municipalidad', '2025-03-04', 8);
INSERT INTO public.reciclaje (id_vecino, peso, tipo, metodo, fecha, puntaje) VALUES (48, 35.25, 'Electrónicos', 'Centro de reciclaje de la municipalidad', '2025-03-23', 4);
INSERT INTO public.reciclaje (id_vecino, peso, tipo, metodo, fecha, puntaje) VALUES (48, 60.68, 'Electrónicos', 'Camión de reciclaje', '2025-04-04', 7);
INSERT INTO public.reciclaje (id_vecino, peso, tipo, metodo, fecha, puntaje) VALUES (49, 53.38, 'Orgánico', 'Camión de reciclaje', '2025-10-17', 6);
INSERT INTO public.reciclaje (id_vecino, peso, tipo, metodo, fecha, puntaje) VALUES (49, 18.09, 'Electrónicos', 'Centro de reciclaje de la municipalidad', '2025-03-08', 2);
INSERT INTO public.reciclaje (id_vecino, peso, tipo, metodo, fecha, puntaje) VALUES (49, 71.47, 'Plástico', 'Camión de reciclaje', '2025-03-04', 8);
INSERT INTO public.reciclaje (id_vecino, peso, tipo, metodo, fecha, puntaje) VALUES (49, 69.61, 'Electrónicos', 'Centro de reciclaje de la municipalidad', '2025-03-27', 7);
INSERT INTO public.reciclaje (id_vecino, peso, tipo, metodo, fecha, puntaje) VALUES (49, 22.57, 'Metal/Lata', 'Centro de reciclaje de la municipalidad', '2025-11-11', 3);
INSERT INTO public.reciclaje (id_vecino, peso, tipo, metodo, fecha, puntaje) VALUES (50, 51.05, 'Orgánico', 'Camión de reciclaje', '2025-06-06', 6);
INSERT INTO public.reciclaje (id_vecino, peso, tipo, metodo, fecha, puntaje) VALUES (50, 1.12, 'Metal/Lata', 'En casa', '2025-06-19', 1);
INSERT INTO public.reciclaje (id_vecino, peso, tipo, metodo, fecha, puntaje) VALUES (50, 22.77, 'Electrónicos', 'Centro de reciclaje de la municipalidad', '2025-03-10', 3);
INSERT INTO public.reciclaje (id_vecino, peso, tipo, metodo, fecha, puntaje) VALUES (50, 20.76, 'Electrónicos', 'Centro de reciclaje de la municipalidad', '2025-03-29', 3);
INSERT INTO public.reciclaje (id_vecino, peso, tipo, metodo, fecha, puntaje) VALUES (50, 45.76, 'Orgánico', 'Camión de reciclaje', '2025-10-14', 5);

INSERT INTO public.evento_x_vecino (id_evento, id_vecino, comentario) VALUES (1, 1, 'Participé activamente en la campaña de reciclaje de vidrio.');
INSERT INTO public.evento_x_vecino (id_evento, id_vecino, comentario) VALUES (3, 1, NULL);
INSERT INTO public.evento_x_vecino (id_evento, id_vecino, comentario) VALUES (5, 1, 'Fue una buena experiencia para aprender más sobre el reciclaje.');
INSERT INTO public.evento_x_vecino (id_evento, id_vecino, comentario) VALUES (2, 2, 'Me gustó ayudar en la jornada de reciclaje del barrio.');
INSERT INTO public.evento_x_vecino (id_evento, id_vecino, comentario) VALUES (4, 2, NULL);
INSERT INTO public.evento_x_vecino (id_evento, id_vecino, comentario) VALUES (5, 2, 'Aprendí cómo separar correctamente los materiales reciclables.');
INSERT INTO public.evento_x_vecino (id_evento, id_vecino, comentario) VALUES (1, 3, NULL);
INSERT INTO public.evento_x_vecino (id_evento, id_vecino, comentario) VALUES (3, 3, 'Participé con mi familia y recolectamos bastante papel y cartón.');
INSERT INTO public.evento_x_vecino (id_evento, id_vecino, comentario) VALUES (2, 4, 'Colaboré llevando residuos electrónicos al centro de reciclaje.');
INSERT INTO public.evento_x_vecino (id_evento, id_vecino, comentario) VALUES (4, 4, NULL);
INSERT INTO public.evento_x_vecino (id_evento, id_vecino, comentario) VALUES (5, 4, 'Fue interesante ver cómo se clasifican los desechos.');
INSERT INTO public.evento_x_vecino (id_evento, id_vecino, comentario) VALUES (1, 5, NULL);
INSERT INTO public.evento_x_vecino (id_evento, id_vecino, comentario) VALUES (2, 5, 'Ayudé en la campaña de recolección de botellas de vidrio.');
INSERT INTO public.evento_x_vecino (id_evento, id_vecino, comentario) VALUES (3, 5, 'Buena iniciativa para fomentar el reciclaje en la comunidad.');
INSERT INTO public.evento_x_vecino (id_evento, id_vecino, comentario) VALUES (6, 6, 'Disfruté participando en la recolección de papel reciclado.');
INSERT INTO public.evento_x_vecino (id_evento, id_vecino, comentario) VALUES (8, 6, NULL);
INSERT INTO public.evento_x_vecino (id_evento, id_vecino, comentario) VALUES (9, 6, 'Fue una buena experiencia ayudar al medio ambiente.');
INSERT INTO public.evento_x_vecino (id_evento, id_vecino, comentario) VALUES (7, 7, 'Participé con mis vecinos en la limpieza del parque.');
INSERT INTO public.evento_x_vecino (id_evento, id_vecino, comentario) VALUES (10, 7, NULL);
INSERT INTO public.evento_x_vecino (id_evento, id_vecino, comentario) VALUES (9, 7, 'Aprendí nuevas formas de reciclar los plásticos.');
INSERT INTO public.evento_x_vecino (id_evento, id_vecino, comentario) VALUES (6, 8, NULL);
INSERT INTO public.evento_x_vecino (id_evento, id_vecino, comentario) VALUES (7, 8, 'Me gustó colaborar en la jornada de reciclaje de metales.');
INSERT INTO public.evento_x_vecino (id_evento, id_vecino, comentario) VALUES (8, 9, 'Ayudé a recolectar botellas de vidrio en mi zona.');
INSERT INTO public.evento_x_vecino (id_evento, id_vecino, comentario) VALUES (9, 9, NULL);
INSERT INTO public.evento_x_vecino (id_evento, id_vecino, comentario) VALUES (10, 9, 'Fue un evento bien organizado y educativo.');
INSERT INTO public.evento_x_vecino (id_evento, id_vecino, comentario) VALUES (6, 10, 'Participé en la campaña de compostaje doméstico.');
INSERT INTO public.evento_x_vecino (id_evento, id_vecino, comentario) VALUES (7, 10, NULL);
INSERT INTO public.evento_x_vecino (id_evento, id_vecino, comentario) VALUES (10, 10, 'Aprendí a separar mejor los residuos orgánicos.');
INSERT INTO public.evento_x_vecino (id_evento, id_vecino, comentario) VALUES (11, 11, 'Participé reciclando botellas plásticas en casa.');
INSERT INTO public.evento_x_vecino (id_evento, id_vecino, comentario) VALUES (12, 11, NULL);
INSERT INTO public.evento_x_vecino (id_evento, id_vecino, comentario) VALUES (13, 11, 'Fue una buena oportunidad para aprender sobre reciclaje.');
INSERT INTO public.evento_x_vecino (id_evento, id_vecino, comentario) VALUES (11, 12, NULL);
INSERT INTO public.evento_x_vecino (id_evento, id_vecino, comentario) VALUES (14, 12, 'Llevé residuos orgánicos al centro de reciclaje.');
INSERT INTO public.evento_x_vecino (id_evento, id_vecino, comentario) VALUES (15, 12, 'El evento fue muy educativo y bien organizado.');
INSERT INTO public.evento_x_vecino (id_evento, id_vecino, comentario) VALUES (12, 13, 'Ayudé a separar vidrio y metal en el punto de acopio.');
INSERT INTO public.evento_x_vecino (id_evento, id_vecino, comentario) VALUES (13, 13, NULL);
INSERT INTO public.evento_x_vecino (id_evento, id_vecino, comentario) VALUES (15, 13, 'Excelente iniciativa para cuidar el medio ambiente.');
INSERT INTO public.evento_x_vecino (id_evento, id_vecino, comentario) VALUES (11, 14, 'Colaboré con la recolección de papel y cartón.');
INSERT INTO public.evento_x_vecino (id_evento, id_vecino, comentario) VALUES (14, 14, NULL);
INSERT INTO public.evento_x_vecino (id_evento, id_vecino, comentario) VALUES (15, 14, 'Muy buena experiencia, espero más actividades así.');
INSERT INTO public.evento_x_vecino (id_evento, id_vecino, comentario) VALUES (12, 15, NULL);
INSERT INTO public.evento_x_vecino (id_evento, id_vecino, comentario) VALUES (13, 15, 'Participé en el evento de reciclaje electrónico.');
INSERT INTO public.evento_x_vecino (id_evento, id_vecino, comentario) VALUES (15, 15, 'Aprendí la importancia de reducir los residuos.');
INSERT INTO public.evento_x_vecino (id_evento, id_vecino, comentario) VALUES (16, 16, 'Participé reciclando papel y cartón en casa.');
INSERT INTO public.evento_x_vecino (id_evento, id_vecino, comentario) VALUES (17, 16, NULL);
INSERT INTO public.evento_x_vecino (id_evento, id_vecino, comentario) VALUES (18, 16, 'Fue un evento muy útil para fomentar el reciclaje.');
INSERT INTO public.evento_x_vecino (id_evento, id_vecino, comentario) VALUES (16, 17, NULL);
INSERT INTO public.evento_x_vecino (id_evento, id_vecino, comentario) VALUES (19, 17, 'Recogí latas y botellas para el evento.');
INSERT INTO public.evento_x_vecino (id_evento, id_vecino, comentario) VALUES (20, 17, 'Buena experiencia, espero más actividades similares.');
INSERT INTO public.evento_x_vecino (id_evento, id_vecino, comentario) VALUES (17, 18, 'Ayudé con la clasificación de desechos electrónicos.');
INSERT INTO public.evento_x_vecino (id_evento, id_vecino, comentario) VALUES (18, 18, NULL);
INSERT INTO public.evento_x_vecino (id_evento, id_vecino, comentario) VALUES (20, 18, 'El evento estuvo muy bien organizado.');
INSERT INTO public.evento_x_vecino (id_evento, id_vecino, comentario) VALUES (16, 19, 'Reciclé vidrio y plástico en el centro de reciclaje.');
INSERT INTO public.evento_x_vecino (id_evento, id_vecino, comentario) VALUES (19, 19, NULL);
INSERT INTO public.evento_x_vecino (id_evento, id_vecino, comentario) VALUES (20, 19, 'Aprendí cómo separar correctamente los residuos.');
INSERT INTO public.evento_x_vecino (id_evento, id_vecino, comentario) VALUES (17, 20, NULL);
INSERT INTO public.evento_x_vecino (id_evento, id_vecino, comentario) VALUES (18, 20, 'Llevé residuos metálicos al punto de acopio.');
INSERT INTO public.evento_x_vecino (id_evento, id_vecino, comentario) VALUES (20, 20, 'Muy buena actividad para concientizar sobre el reciclaje.');
INSERT INTO public.evento_x_vecino (id_evento, id_vecino, comentario) VALUES (21, 21, 'Participé reciclando envases de vidrio en casa.');
INSERT INTO public.evento_x_vecino (id_evento, id_vecino, comentario) VALUES (22, 21, NULL);
INSERT INTO public.evento_x_vecino (id_evento, id_vecino, comentario) VALUES (23, 21, 'Buena actividad para promover el reciclaje en la comunidad.');
INSERT INTO public.evento_x_vecino (id_evento, id_vecino, comentario) VALUES (21, 22, NULL);
INSERT INTO public.evento_x_vecino (id_evento, id_vecino, comentario) VALUES (24, 22, 'Llevé pilas usadas al centro de reciclaje municipal.');
INSERT INTO public.evento_x_vecino (id_evento, id_vecino, comentario) VALUES (25, 22, 'El evento estuvo bien organizado y muy informativo.');
INSERT INTO public.evento_x_vecino (id_evento, id_vecino, comentario) VALUES (22, 23, 'Colaboré en la recolección de cartón y papel.');
INSERT INTO public.evento_x_vecino (id_evento, id_vecino, comentario) VALUES (23, 23, NULL);
INSERT INTO public.evento_x_vecino (id_evento, id_vecino, comentario) VALUES (25, 23, 'Aprendí sobre la correcta separación de residuos.');
INSERT INTO public.evento_x_vecino (id_evento, id_vecino, comentario) VALUES (21, 24, 'Apoyé en la clasificación de materiales reciclables.');
INSERT INTO public.evento_x_vecino (id_evento, id_vecino, comentario) VALUES (24, 24, NULL);
INSERT INTO public.evento_x_vecino (id_evento, id_vecino, comentario) VALUES (25, 24, 'Excelente iniciativa de la municipalidad.');
INSERT INTO public.evento_x_vecino (id_evento, id_vecino, comentario) VALUES (22, 25, NULL);
INSERT INTO public.evento_x_vecino (id_evento, id_vecino, comentario) VALUES (23, 25, 'Reciclé desechos electrónicos y aprendí mucho del proceso.');
INSERT INTO public.evento_x_vecino (id_evento, id_vecino, comentario) VALUES (25, 25, 'Fue una gran experiencia participar en este evento.');
INSERT INTO public.evento_x_vecino (id_evento, id_vecino, comentario) VALUES (26, 26, 'Participé reciclando botellas de plástico en casa.');
INSERT INTO public.evento_x_vecino (id_evento, id_vecino, comentario) VALUES (27, 26, NULL);
INSERT INTO public.evento_x_vecino (id_evento, id_vecino, comentario) VALUES (28, 26, 'Fue un evento muy útil para aprender sobre el reciclaje.');
INSERT INTO public.evento_x_vecino (id_evento, id_vecino, comentario) VALUES (26, 27, NULL);
INSERT INTO public.evento_x_vecino (id_evento, id_vecino, comentario) VALUES (29, 27, 'Recogí vidrio y latas durante la campaña.');
INSERT INTO public.evento_x_vecino (id_evento, id_vecino, comentario) VALUES (30, 27, 'Me gustó participar en esta iniciativa ambiental.');
INSERT INTO public.evento_x_vecino (id_evento, id_vecino, comentario) VALUES (27, 28, 'Entregué residuos electrónicos en el punto de acopio.');
INSERT INTO public.evento_x_vecino (id_evento, id_vecino, comentario) VALUES (28, 28, NULL);
INSERT INTO public.evento_x_vecino (id_evento, id_vecino, comentario) VALUES (30, 28, 'Aprendí más sobre cómo reducir los desechos en casa.');
INSERT INTO public.evento_x_vecino (id_evento, id_vecino, comentario) VALUES (26, 29, 'Participé llevando papel y cartón al centro de reciclaje.');
INSERT INTO public.evento_x_vecino (id_evento, id_vecino, comentario) VALUES (29, 29, NULL);
INSERT INTO public.evento_x_vecino (id_evento, id_vecino, comentario) VALUES (30, 29, 'Fue una experiencia positiva para cuidar el medio ambiente.');
INSERT INTO public.evento_x_vecino (id_evento, id_vecino, comentario) VALUES (27, 30, NULL);
INSERT INTO public.evento_x_vecino (id_evento, id_vecino, comentario) VALUES (28, 30, 'Reciclé metal y plástico con mis vecinos.');
INSERT INTO public.evento_x_vecino (id_evento, id_vecino, comentario) VALUES (30, 30, 'Excelente iniciativa para promover la conciencia ambiental.');
INSERT INTO public.evento_x_vecino (id_evento, id_vecino, comentario) VALUES (31, 31, 'Participé reciclando botellas de vidrio en el punto municipal.');
INSERT INTO public.evento_x_vecino (id_evento, id_vecino, comentario) VALUES (32, 31, NULL);
INSERT INTO public.evento_x_vecino (id_evento, id_vecino, comentario) VALUES (33, 31, 'Fue una buena oportunidad para compartir con mis vecinos.');
INSERT INTO public.evento_x_vecino (id_evento, id_vecino, comentario) VALUES (31, 32, NULL);
INSERT INTO public.evento_x_vecino (id_evento, id_vecino, comentario) VALUES (34, 32, 'Recogí papeles y plásticos de la zona escolar.');
INSERT INTO public.evento_x_vecino (id_evento, id_vecino, comentario) VALUES (35, 32, 'Excelente iniciativa para mantener limpio el distrito.');
INSERT INTO public.evento_x_vecino (id_evento, id_vecino, comentario) VALUES (32, 33, 'Entregué residuos electrónicos en el evento del sábado.');
INSERT INTO public.evento_x_vecino (id_evento, id_vecino, comentario) VALUES (33, 33, NULL);
INSERT INTO public.evento_x_vecino (id_evento, id_vecino, comentario) VALUES (35, 33, 'Aprendí sobre cómo reciclar correctamente los metales.');
INSERT INTO public.evento_x_vecino (id_evento, id_vecino, comentario) VALUES (31, 34, 'Llevé materiales reciclables al centro municipal.');
INSERT INTO public.evento_x_vecino (id_evento, id_vecino, comentario) VALUES (34, 34, NULL);
INSERT INTO public.evento_x_vecino (id_evento, id_vecino, comentario) VALUES (35, 34, 'Fue una gran experiencia para cuidar el ambiente.');
INSERT INTO public.evento_x_vecino (id_evento, id_vecino, comentario) VALUES (32, 35, NULL);
INSERT INTO public.evento_x_vecino (id_evento, id_vecino, comentario) VALUES (33, 35, 'Reciclé cartón y botellas con mis compañeros de trabajo.');
INSERT INTO public.evento_x_vecino (id_evento, id_vecino, comentario) VALUES (35, 35, 'Disfruté mucho participar en esta actividad ecológica.');
INSERT INTO public.evento_x_vecino (id_evento, id_vecino, comentario) VALUES (36, 36, 'Participé reciclando botellas de plástico durante el evento.');
INSERT INTO public.evento_x_vecino (id_evento, id_vecino, comentario) VALUES (37, 36, NULL);
INSERT INTO public.evento_x_vecino (id_evento, id_vecino, comentario) VALUES (38, 36, 'El evento fue muy educativo y motivador.');
INSERT INTO public.evento_x_vecino (id_evento, id_vecino, comentario) VALUES (36, 37, NULL);
INSERT INTO public.evento_x_vecino (id_evento, id_vecino, comentario) VALUES (39, 37, 'Llevé mis residuos metálicos al centro de reciclaje.');
INSERT INTO public.evento_x_vecino (id_evento, id_vecino, comentario) VALUES (40, 37, 'Buena experiencia para fomentar el cuidado ambiental.');
INSERT INTO public.evento_x_vecino (id_evento, id_vecino, comentario) VALUES (37, 38, 'Reciclé papel y cartón junto con mis familiares.');
INSERT INTO public.evento_x_vecino (id_evento, id_vecino, comentario) VALUES (38, 38, NULL);
INSERT INTO public.evento_x_vecino (id_evento, id_vecino, comentario) VALUES (40, 38, 'Fue un evento muy organizado y con buen mensaje.');
INSERT INTO public.evento_x_vecino (id_evento, id_vecino, comentario) VALUES (36, 39, 'Participé reciclando electrónicos viejos de mi casa.');
INSERT INTO public.evento_x_vecino (id_evento, id_vecino, comentario) VALUES (39, 39, NULL);
INSERT INTO public.evento_x_vecino (id_evento, id_vecino, comentario) VALUES (40, 39, 'Aprendí cómo separar mejor los residuos.');
INSERT INTO public.evento_x_vecino (id_evento, id_vecino, comentario) VALUES (37, 40, NULL);
INSERT INTO public.evento_x_vecino (id_evento, id_vecino, comentario) VALUES (38, 40, 'Reciclé vidrios y plásticos en el punto municipal.');
INSERT INTO public.evento_x_vecino (id_evento, id_vecino, comentario) VALUES (40, 40, 'Excelente organización, muy buena experiencia.');
INSERT INTO public.evento_x_vecino (id_evento, id_vecino, comentario) VALUES (41, 41, 'Reciclé envases plásticos y botellas en el evento.');
INSERT INTO public.evento_x_vecino (id_evento, id_vecino, comentario) VALUES (42, 41, NULL);
INSERT INTO public.evento_x_vecino (id_evento, id_vecino, comentario) VALUES (43, 41, 'Me gustó participar, aprendí mucho sobre reciclaje.');
INSERT INTO public.evento_x_vecino (id_evento, id_vecino, comentario) VALUES (41, 42, NULL);
INSERT INTO public.evento_x_vecino (id_evento, id_vecino, comentario) VALUES (44, 42, 'Entregué pilas y aparatos electrónicos viejos.');
INSERT INTO public.evento_x_vecino (id_evento, id_vecino, comentario) VALUES (45, 42, 'Excelente evento, ojalá se repita pronto.');
INSERT INTO public.evento_x_vecino (id_evento, id_vecino, comentario) VALUES (42, 43, 'Participé junto con mi familia reciclando papel y cartón.');
INSERT INTO public.evento_x_vecino (id_evento, id_vecino, comentario) VALUES (43, 43, NULL);
INSERT INTO public.evento_x_vecino (id_evento, id_vecino, comentario) VALUES (45, 43, 'Fue muy útil para aprender a clasificar los residuos.');
INSERT INTO public.evento_x_vecino (id_evento, id_vecino, comentario) VALUES (41, 44, 'Reciclé latas y botellas con mis compañeros del barrio.');
INSERT INTO public.evento_x_vecino (id_evento, id_vecino, comentario) VALUES (44, 44, NULL);
INSERT INTO public.evento_x_vecino (id_evento, id_vecino, comentario) VALUES (45, 44, 'Me pareció una excelente actividad comunitaria.');
INSERT INTO public.evento_x_vecino (id_evento, id_vecino, comentario) VALUES (42, 45, NULL);
INSERT INTO public.evento_x_vecino (id_evento, id_vecino, comentario) VALUES (43, 45, 'Llevé residuos metálicos al punto de acopio del distrito.');
INSERT INTO public.evento_x_vecino (id_evento, id_vecino, comentario) VALUES (45, 45, 'Buena experiencia, motiva a cuidar el medio ambiente.');
INSERT INTO public.evento_x_vecino (id_evento, id_vecino, comentario) VALUES (46, 46, 'Participé reciclando plásticos y latas en casa.');
INSERT INTO public.evento_x_vecino (id_evento, id_vecino, comentario) VALUES (47, 46, NULL);
INSERT INTO public.evento_x_vecino (id_evento, id_vecino, comentario) VALUES (48, 46, 'El evento fue muy informativo y bien organizado.');
INSERT INTO public.evento_x_vecino (id_evento, id_vecino, comentario) VALUES (46, 47, NULL);
INSERT INTO public.evento_x_vecino (id_evento, id_vecino, comentario) VALUES (49, 47, 'Recogí papeles y cartones para el reciclaje.');
INSERT INTO public.evento_x_vecino (id_evento, id_vecino, comentario) VALUES (50, 47, 'Me pareció una buena manera de ayudar al ambiente.');
INSERT INTO public.evento_x_vecino (id_evento, id_vecino, comentario) VALUES (47, 48, 'Entregué residuos electrónicos en el centro municipal.');
INSERT INTO public.evento_x_vecino (id_evento, id_vecino, comentario) VALUES (48, 48, NULL);
INSERT INTO public.evento_x_vecino (id_evento, id_vecino, comentario) VALUES (50, 48, 'Excelente organización y participación vecinal.');
INSERT INTO public.evento_x_vecino (id_evento, id_vecino, comentario) VALUES (46, 49, 'Reciclé botellas de vidrio y metal en la jornada ambiental.');
INSERT INTO public.evento_x_vecino (id_evento, id_vecino, comentario) VALUES (49, 49, NULL);
INSERT INTO public.evento_x_vecino (id_evento, id_vecino, comentario) VALUES (50, 49, 'Fue una experiencia muy positiva para todos.');
INSERT INTO public.evento_x_vecino (id_evento, id_vecino, comentario) VALUES (47, 50, NULL);
INSERT INTO public.evento_x_vecino (id_evento, id_vecino, comentario) VALUES (48, 50, 'Participé junto a mis vecinos reciclando materiales.');
INSERT INTO public.evento_x_vecino (id_evento, id_vecino, comentario) VALUES (50, 50, 'Gran iniciativa para promover el reciclaje y la unión vecinal.');

INSERT INTO public.logro (id_vecino, nombre) VALUES (1, 'Realizaste tu primer registro');
INSERT INTO public.logro (id_vecino, nombre) VALUES (2, 'Realizaste tu primer registro');
INSERT INTO public.logro (id_vecino, nombre) VALUES (3, 'Realizaste tu primer registro');
INSERT INTO public.logro (id_vecino, nombre) VALUES (4, 'Realizaste tu primer registro');
INSERT INTO public.logro (id_vecino, nombre) VALUES (5, 'Realizaste tu primer registro');
INSERT INTO public.logro (id_vecino, nombre) VALUES (6, 'Realizaste tu primer registro');
INSERT INTO public.logro (id_vecino, nombre) VALUES (7, 'Realizaste tu primer registro');
INSERT INTO public.logro (id_vecino, nombre) VALUES (8, 'Realizaste tu primer registro');
INSERT INTO public.logro (id_vecino, nombre) VALUES (9, 'Realizaste tu primer registro');
INSERT INTO public.logro (id_vecino, nombre) VALUES (10, 'Realizaste tu primer registro');
INSERT INTO public.logro (id_vecino, nombre) VALUES (11, 'Realizaste tu primer registro');
INSERT INTO public.logro (id_vecino, nombre) VALUES (12, 'Realizaste tu primer registro');
INSERT INTO public.logro (id_vecino, nombre) VALUES (13, 'Realizaste tu primer registro');
INSERT INTO public.logro (id_vecino, nombre) VALUES (14, 'Realizaste tu primer registro');
INSERT INTO public.logro (id_vecino, nombre) VALUES (15, 'Realizaste tu primer registro');
INSERT INTO public.logro (id_vecino, nombre) VALUES (16, 'Realizaste tu primer registro');
INSERT INTO public.logro (id_vecino, nombre) VALUES (17, 'Realizaste tu primer registro');
INSERT INTO public.logro (id_vecino, nombre) VALUES (18, 'Realizaste tu primer registro');
INSERT INTO public.logro (id_vecino, nombre) VALUES (19, 'Realizaste tu primer registro');
INSERT INTO public.logro (id_vecino, nombre) VALUES (20, 'Realizaste tu primer registro');
INSERT INTO public.logro (id_vecino, nombre) VALUES (21, 'Realizaste tu primer registro');
INSERT INTO public.logro (id_vecino, nombre) VALUES (22, 'Realizaste tu primer registro');
INSERT INTO public.logro (id_vecino, nombre) VALUES (23, 'Realizaste tu primer registro');
INSERT INTO public.logro (id_vecino, nombre) VALUES (24, 'Realizaste tu primer registro');
INSERT INTO public.logro (id_vecino, nombre) VALUES (25, 'Realizaste tu primer registro');
INSERT INTO public.logro (id_vecino, nombre) VALUES (26, 'Realizaste tu primer registro');
INSERT INTO public.logro (id_vecino, nombre) VALUES (27, 'Realizaste tu primer registro');
INSERT INTO public.logro (id_vecino, nombre) VALUES (28, 'Realizaste tu primer registro');
INSERT INTO public.logro (id_vecino, nombre) VALUES (29, 'Realizaste tu primer registro');
INSERT INTO public.logro (id_vecino, nombre) VALUES (30, 'Realizaste tu primer registro');
INSERT INTO public.logro (id_vecino, nombre) VALUES (31, 'Realizaste tu primer registro');
INSERT INTO public.logro (id_vecino, nombre) VALUES (32, 'Realizaste tu primer registro');
INSERT INTO public.logro (id_vecino, nombre) VALUES (33, 'Realizaste tu primer registro');
INSERT INTO public.logro (id_vecino, nombre) VALUES (34, 'Realizaste tu primer registro');
INSERT INTO public.logro (id_vecino, nombre) VALUES (35, 'Realizaste tu primer registro');
INSERT INTO public.logro (id_vecino, nombre) VALUES (36, 'Realizaste tu primer registro');
INSERT INTO public.logro (id_vecino, nombre) VALUES (37, 'Realizaste tu primer registro');
INSERT INTO public.logro (id_vecino, nombre) VALUES (38, 'Realizaste tu primer registro');
INSERT INTO public.logro (id_vecino, nombre) VALUES (39, 'Realizaste tu primer registro');
INSERT INTO public.logro (id_vecino, nombre) VALUES (40, 'Realizaste tu primer registro');
INSERT INTO public.logro (id_vecino, nombre) VALUES (41, 'Realizaste tu primer registro');
INSERT INTO public.logro (id_vecino, nombre) VALUES (42, 'Realizaste tu primer registro');
INSERT INTO public.logro (id_vecino, nombre) VALUES (43, 'Realizaste tu primer registro');
INSERT INTO public.logro (id_vecino, nombre) VALUES (44, 'Realizaste tu primer registro');
INSERT INTO public.logro (id_vecino, nombre) VALUES (45, 'Realizaste tu primer registro');
INSERT INTO public.logro (id_vecino, nombre) VALUES (46, 'Realizaste tu primer registro');
INSERT INTO public.logro (id_vecino, nombre) VALUES (47, 'Realizaste tu primer registro');
INSERT INTO public.logro (id_vecino, nombre) VALUES (48, 'Realizaste tu primer registro');
INSERT INTO public.logro (id_vecino, nombre) VALUES (49, 'Realizaste tu primer registro');
INSERT INTO public.logro (id_vecino, nombre) VALUES (50, 'Realizaste tu primer registro');
INSERT INTO logro (id_vecino, nombre) VALUES (1, 'Participaste en el evento Vidrio Verde Abril');
INSERT INTO logro (id_vecino, nombre) VALUES (3, 'Participaste en el evento Vidrio Verde Abril');
INSERT INTO logro (id_vecino, nombre) VALUES (5, 'Participaste en el evento Vidrio Verde Abril');
INSERT INTO logro (id_vecino, nombre) VALUES (7, 'Participaste en el evento Vidrio Verde Abril');
INSERT INTO logro (id_vecino, nombre) VALUES (9, 'Participaste en el evento Vidrio Verde Abril');
INSERT INTO logro (id_vecino, nombre) VALUES (11, 'Participaste en el evento Vidrio Verde Abril');
INSERT INTO logro (id_vecino, nombre) VALUES (13, 'Participaste en el evento Vidrio Verde Abril');
INSERT INTO logro (id_vecino, nombre) VALUES (15, 'Participaste en el evento Vidrio Verde Abril');
INSERT INTO logro (id_vecino, nombre) VALUES (17, 'Participaste en el evento Vidrio Verde Abril');
INSERT INTO logro (id_vecino, nombre) VALUES (19, 'Participaste en el evento Vidrio Verde Abril');
INSERT INTO logro (id_vecino, nombre) VALUES (21, 'Participaste en el evento Vidrio Verde Abril');
INSERT INTO logro (id_vecino, nombre) VALUES (23, 'Participaste en el evento Vidrio Verde Abril');
INSERT INTO logro (id_vecino, nombre) VALUES (25, 'Participaste en el evento Vidrio Verde Abril');
INSERT INTO logro (id_vecino, nombre) VALUES (27, 'Participaste en el evento Vidrio Verde Abril');
INSERT INTO logro (id_vecino, nombre) VALUES (29, 'Participaste en el evento Vidrio Verde Abril');
INSERT INTO logro (id_vecino, nombre) VALUES (31, 'Participaste en el evento Vidrio Verde Abril');
INSERT INTO logro (id_vecino, nombre) VALUES (33, 'Participaste en el evento Vidrio Verde Abril');
INSERT INTO logro (id_vecino, nombre) VALUES (35, 'Participaste en el evento Vidrio Verde Abril');
INSERT INTO logro (id_vecino, nombre) VALUES (37, 'Participaste en el evento Vidrio Verde Abril');
INSERT INTO logro (id_vecino, nombre) VALUES (39, 'Participaste en el evento Vidrio Verde Abril');
INSERT INTO logro (id_vecino, nombre) VALUES (41, 'Participaste en el evento Vidrio Verde Abril');
INSERT INTO logro (id_vecino, nombre) VALUES (43, 'Participaste en el evento Vidrio Verde Abril');
INSERT INTO logro (id_vecino, nombre) VALUES (45, 'Participaste en el evento Vidrio Verde Abril');
INSERT INTO logro (id_vecino, nombre) VALUES (47, 'Participaste en el evento Vidrio Verde Abril');
INSERT INTO logro (id_vecino, nombre) VALUES (49, 'Participaste en el evento Vidrio Verde Abril');
INSERT INTO logro (id_vecino, nombre) VALUES (2, 'Participaste en el evento Orgánicos Mayo');
INSERT INTO logro (id_vecino, nombre) VALUES (4, 'Participaste en el evento Orgánicos Mayo');
INSERT INTO logro (id_vecino, nombre) VALUES (6, 'Participaste en el evento Orgánicos Mayo');
INSERT INTO logro (id_vecino, nombre) VALUES (8, 'Participaste en el evento Orgánicos Mayo');
INSERT INTO logro (id_vecino, nombre) VALUES (10, 'Participaste en el evento Orgánicos Mayo');
INSERT INTO logro (id_vecino, nombre) VALUES (12, 'Participaste en el evento Orgánicos Mayo');
INSERT INTO logro (id_vecino, nombre) VALUES (14, 'Participaste en el evento Orgánicos Mayo');
INSERT INTO logro (id_vecino, nombre) VALUES (16, 'Participaste en el evento Orgánicos Mayo');
INSERT INTO logro (id_vecino, nombre) VALUES (18, 'Participaste en el evento Orgánicos Mayo');
INSERT INTO logro (id_vecino, nombre) VALUES (20, 'Participaste en el evento Orgánicos Mayo');
INSERT INTO logro (id_vecino, nombre) VALUES (22, 'Participaste en el evento Orgánicos Mayo');
INSERT INTO logro (id_vecino, nombre) VALUES (24, 'Participaste en el evento Orgánicos Mayo');
INSERT INTO logro (id_vecino, nombre) VALUES (26, 'Participaste en el evento Orgánicos Mayo');
INSERT INTO logro (id_vecino, nombre) VALUES (28, 'Participaste en el evento Orgánicos Mayo');
INSERT INTO logro (id_vecino, nombre) VALUES (30, 'Participaste en el evento Orgánicos Mayo');
INSERT INTO logro (id_vecino, nombre) VALUES (32, 'Participaste en el evento Orgánicos Mayo');
INSERT INTO logro (id_vecino, nombre) VALUES (34, 'Participaste en el evento Orgánicos Mayo');
INSERT INTO logro (id_vecino, nombre) VALUES (36, 'Participaste en el evento Orgánicos Mayo');
INSERT INTO logro (id_vecino, nombre) VALUES (38, 'Participaste en el evento Orgánicos Mayo');
INSERT INTO logro (id_vecino, nombre) VALUES (40, 'Participaste en el evento Orgánicos Mayo');
INSERT INTO logro (id_vecino, nombre) VALUES (42, 'Participaste en el evento Orgánicos Mayo');
INSERT INTO logro (id_vecino, nombre) VALUES (44, 'Participaste en el evento Orgánicos Mayo');
INSERT INTO logro (id_vecino, nombre) VALUES (46, 'Participaste en el evento Orgánicos Mayo');
INSERT INTO logro (id_vecino, nombre) VALUES (48, 'Participaste en el evento Orgánicos Mayo');
INSERT INTO logro (id_vecino, nombre) VALUES (50, 'Participaste en el evento Orgánicos Mayo');
INSERT INTO logro (id_vecino, nombre) VALUES (1, 'Participaste en el evento Plástico Cero Junio');
INSERT INTO logro (id_vecino, nombre) VALUES (3, 'Participaste en el evento Plástico Cero Junio');
INSERT INTO logro (id_vecino, nombre) VALUES (5, 'Participaste en el evento Plástico Cero Junio');
INSERT INTO logro (id_vecino, nombre) VALUES (7, 'Participaste en el evento Plástico Cero Junio');
INSERT INTO logro (id_vecino, nombre) VALUES (9, 'Participaste en el evento Plástico Cero Junio');
INSERT INTO logro (id_vecino, nombre) VALUES (11, 'Participaste en el evento Plástico Cero Junio');
INSERT INTO logro (id_vecino, nombre) VALUES (13, 'Participaste en el evento Plástico Cero Junio');
INSERT INTO logro (id_vecino, nombre) VALUES (15, 'Participaste en el evento Plástico Cero Junio');
INSERT INTO logro (id_vecino, nombre) VALUES (17, 'Participaste en el evento Plástico Cero Junio');
INSERT INTO logro (id_vecino, nombre) VALUES (19, 'Participaste en el evento Plástico Cero Junio');
INSERT INTO logro (id_vecino, nombre) VALUES (21, 'Participaste en el evento Plástico Cero Junio');
INSERT INTO logro (id_vecino, nombre) VALUES (23, 'Participaste en el evento Plástico Cero Junio');
INSERT INTO logro (id_vecino, nombre) VALUES (25, 'Participaste en el evento Plástico Cero Junio');
INSERT INTO logro (id_vecino, nombre) VALUES (27, 'Participaste en el evento Plástico Cero Junio');
INSERT INTO logro (id_vecino, nombre) VALUES (29, 'Participaste en el evento Plástico Cero Junio');
INSERT INTO logro (id_vecino, nombre) VALUES (31, 'Participaste en el evento Plástico Cero Junio');
INSERT INTO logro (id_vecino, nombre) VALUES (33, 'Participaste en el evento Plástico Cero Junio');
INSERT INTO logro (id_vecino, nombre) VALUES (35, 'Participaste en el evento Plástico Cero Junio');
INSERT INTO logro (id_vecino, nombre) VALUES (37, 'Participaste en el evento Plástico Cero Junio');
INSERT INTO logro (id_vecino, nombre) VALUES (39, 'Participaste en el evento Plástico Cero Junio');
INSERT INTO logro (id_vecino, nombre) VALUES (41, 'Participaste en el evento Plástico Cero Junio');
INSERT INTO logro (id_vecino, nombre) VALUES (43, 'Participaste en el evento Plástico Cero Junio');
INSERT INTO logro (id_vecino, nombre) VALUES (45, 'Participaste en el evento Plástico Cero Junio');
INSERT INTO logro (id_vecino, nombre) VALUES (47, 'Participaste en el evento Plástico Cero Junio');
INSERT INTO logro (id_vecino, nombre) VALUES (49, 'Participaste en el evento Plástico Cero Junio');
INSERT INTO logro (id_vecino, nombre) VALUES (2, 'Participaste en el evento Metales Julio');
INSERT INTO logro (id_vecino, nombre) VALUES (4, 'Participaste en el evento Metales Julio');
INSERT INTO logro (id_vecino, nombre) VALUES (6, 'Participaste en el evento Metales Julio');
INSERT INTO logro (id_vecino, nombre) VALUES (8, 'Participaste en el evento Metales Julio');
INSERT INTO logro (id_vecino, nombre) VALUES (10, 'Participaste en el evento Metales Julio');
INSERT INTO logro (id_vecino, nombre) VALUES (12, 'Participaste en el evento Metales Julio');
INSERT INTO logro (id_vecino, nombre) VALUES (14, 'Participaste en el evento Metales Julio');
INSERT INTO logro (id_vecino, nombre) VALUES (16, 'Participaste en el evento Metales Julio');
INSERT INTO logro (id_vecino, nombre) VALUES (18, 'Participaste en el evento Metales Julio');
INSERT INTO logro (id_vecino, nombre) VALUES (20, 'Participaste en el evento Metales Julio');
INSERT INTO logro (id_vecino, nombre) VALUES (22, 'Participaste en el evento Metales Julio');
INSERT INTO logro (id_vecino, nombre) VALUES (24, 'Participaste en el evento Metales Julio');
INSERT INTO logro (id_vecino, nombre) VALUES (26, 'Participaste en el evento Metales Julio');
INSERT INTO logro (id_vecino, nombre) VALUES (28, 'Participaste en el evento Metales Julio');
INSERT INTO logro (id_vecino, nombre) VALUES (30, 'Participaste en el evento Metales Julio');
INSERT INTO logro (id_vecino, nombre) VALUES (32, 'Participaste en el evento Metales Julio');
INSERT INTO logro (id_vecino, nombre) VALUES (34, 'Participaste en el evento Metales Julio');
INSERT INTO logro (id_vecino, nombre) VALUES (36, 'Participaste en el evento Metales Julio');
INSERT INTO logro (id_vecino, nombre) VALUES (38, 'Participaste en el evento Metales Julio');
INSERT INTO logro (id_vecino, nombre) VALUES (40, 'Participaste en el evento Metales Julio');
INSERT INTO logro (id_vecino, nombre) VALUES (42, 'Participaste en el evento Metales Julio');
INSERT INTO logro (id_vecino, nombre) VALUES (44, 'Participaste en el evento Metales Julio');
INSERT INTO logro (id_vecino, nombre) VALUES (46, 'Participaste en el evento Metales Julio');
INSERT INTO logro (id_vecino, nombre) VALUES (48, 'Participaste en el evento Metales Julio');
INSERT INTO logro (id_vecino, nombre) VALUES (50, 'Participaste en el evento Metales Julio');
INSERT INTO logro (id_vecino, nombre) VALUES (1, 'Participaste en el evento Reciclaje Electrónico Agosto');
INSERT INTO logro (id_vecino, nombre) VALUES (2, 'Participaste en el evento Reciclaje Electrónico Agosto');
INSERT INTO logro (id_vecino, nombre) VALUES (3, 'Participaste en el evento Reciclaje Electrónico Agosto');
INSERT INTO logro (id_vecino, nombre) VALUES (4, 'Participaste en el evento Reciclaje Electrónico Agosto');
INSERT INTO logro (id_vecino, nombre) VALUES (5, 'Participaste en el evento Reciclaje Electrónico Agosto');
INSERT INTO logro (id_vecino, nombre) VALUES (6, 'Participaste en el evento Reciclaje Electrónico Agosto');
INSERT INTO logro (id_vecino, nombre) VALUES (7, 'Participaste en el evento Reciclaje Electrónico Agosto');
INSERT INTO logro (id_vecino, nombre) VALUES (8, 'Participaste en el evento Reciclaje Electrónico Agosto');
INSERT INTO logro (id_vecino, nombre) VALUES (9, 'Participaste en el evento Reciclaje Electrónico Agosto');
INSERT INTO logro (id_vecino, nombre) VALUES (10, 'Participaste en el evento Reciclaje Electrónico Agosto');
INSERT INTO logro (id_vecino, nombre) VALUES (11, 'Participaste en el evento Reciclaje Electrónico Agosto');
INSERT INTO logro (id_vecino, nombre) VALUES (12, 'Participaste en el evento Reciclaje Electrónico Agosto');
INSERT INTO logro (id_vecino, nombre) VALUES (13, 'Participaste en el evento Reciclaje Electrónico Agosto');
INSERT INTO logro (id_vecino, nombre) VALUES (14, 'Participaste en el evento Reciclaje Electrónico Agosto');
INSERT INTO logro (id_vecino, nombre) VALUES (15, 'Participaste en el evento Reciclaje Electrónico Agosto');
INSERT INTO logro (id_vecino, nombre) VALUES (16, 'Participaste en el evento Reciclaje Electrónico Agosto');
INSERT INTO logro (id_vecino, nombre) VALUES (17, 'Participaste en el evento Reciclaje Electrónico Agosto');
INSERT INTO logro (id_vecino, nombre) VALUES (18, 'Participaste en el evento Reciclaje Electrónico Agosto');
INSERT INTO logro (id_vecino, nombre) VALUES (19, 'Participaste en el evento Reciclaje Electrónico Agosto');
INSERT INTO logro (id_vecino, nombre) VALUES (20, 'Participaste en el evento Reciclaje Electrónico Agosto');
INSERT INTO logro (id_vecino, nombre) VALUES (21, 'Participaste en el evento Reciclaje Electrónico Agosto');
INSERT INTO logro (id_vecino, nombre) VALUES (22, 'Participaste en el evento Reciclaje Electrónico Agosto');
INSERT INTO logro (id_vecino, nombre) VALUES (23, 'Participaste en el evento Reciclaje Electrónico Agosto');
INSERT INTO logro (id_vecino, nombre) VALUES (24, 'Participaste en el evento Reciclaje Electrónico Agosto');
INSERT INTO logro (id_vecino, nombre) VALUES (25, 'Participaste en el evento Reciclaje Electrónico Agosto');
INSERT INTO logro (id_vecino, nombre) VALUES (26, 'Participaste en el evento Reciclaje Electrónico Agosto');
INSERT INTO logro (id_vecino, nombre) VALUES (27, 'Participaste en el evento Reciclaje Electrónico Agosto');
INSERT INTO logro (id_vecino, nombre) VALUES (28, 'Participaste en el evento Reciclaje Electrónico Agosto');
INSERT INTO logro (id_vecino, nombre) VALUES (29, 'Participaste en el evento Reciclaje Electrónico Agosto');
INSERT INTO logro (id_vecino, nombre) VALUES (30, 'Participaste en el evento Reciclaje Electrónico Agosto');
INSERT INTO logro (id_vecino, nombre) VALUES (31, 'Participaste en el evento Reciclaje Electrónico Agosto');
INSERT INTO logro (id_vecino, nombre) VALUES (32, 'Participaste en el evento Reciclaje Electrónico Agosto');
INSERT INTO logro (id_vecino, nombre) VALUES (33, 'Participaste en el evento Reciclaje Electrónico Agosto');
INSERT INTO logro (id_vecino, nombre) VALUES (34, 'Participaste en el evento Reciclaje Electrónico Agosto');
INSERT INTO logro (id_vecino, nombre) VALUES (35, 'Participaste en el evento Reciclaje Electrónico Agosto');
INSERT INTO logro (id_vecino, nombre) VALUES (36, 'Participaste en el evento Reciclaje Electrónico Agosto');
INSERT INTO logro (id_vecino, nombre) VALUES (37, 'Participaste en el evento Reciclaje Electrónico Agosto');
INSERT INTO logro (id_vecino, nombre) VALUES (38, 'Participaste en el evento Reciclaje Electrónico Agosto');
INSERT INTO logro (id_vecino, nombre) VALUES (39, 'Participaste en el evento Reciclaje Electrónico Agosto');
INSERT INTO logro (id_vecino, nombre) VALUES (40, 'Participaste en el evento Reciclaje Electrónico Agosto');
INSERT INTO logro (id_vecino, nombre) VALUES (41, 'Participaste en el evento Reciclaje Electrónico Agosto');
INSERT INTO logro (id_vecino, nombre) VALUES (42, 'Participaste en el evento Reciclaje Electrónico Agosto');
INSERT INTO logro (id_vecino, nombre) VALUES (43, 'Participaste en el evento Reciclaje Electrónico Agosto');
INSERT INTO logro (id_vecino, nombre) VALUES (44, 'Participaste en el evento Reciclaje Electrónico Agosto');
INSERT INTO logro (id_vecino, nombre) VALUES (45, 'Participaste en el evento Reciclaje Electrónico Agosto');
INSERT INTO logro (id_vecino, nombre) VALUES (46, 'Participaste en el evento Reciclaje Electrónico Agosto');
INSERT INTO logro (id_vecino, nombre) VALUES (47, 'Participaste en el evento Reciclaje Electrónico Agosto');
INSERT INTO logro (id_vecino, nombre) VALUES (48, 'Participaste en el evento Reciclaje Electrónico Agosto');
INSERT INTO logro (id_vecino, nombre) VALUES (49, 'Participaste en el evento Reciclaje Electrónico Agosto');
INSERT INTO logro (id_vecino, nombre) VALUES (50, 'Participaste en el evento Reciclaje Electrónico Agosto');